member_mean,member_std,member_median,member_min,member_max,non_member_mean,non_member_std,non_member_median,non_member_min,non_member_max,ks_stat,ks_p_value,mw_stat,mw_p_value,Model,Morphology,Operation,Kernel Size,DPSGD,epsilon
1.078879329291257,0.053161150332586886,1.0608780980110168,1.018870234489441,1.2375460863113403,1.057994089343331,0.03939677265316801,1.0457915663719177,1.020986795425415,1.188133716583252,0.36363636363636365,0.10926173289185331,316.0,0.9598294769812221,NestedUNet,False,,,True,200.0
1.0774553634903647,0.0531444360358529,1.0597271919250488,1.0189439058303833,1.227805495262146,1.0598688504912637,0.05841161354929327,1.0418715476989746,1.01132071018219,1.2608782052993774,0.3181818181818182,0.21836842129025597,318.0,0.963725371389758,NestedUNet,False,,,True,200.0
1.0554997433315625,0.04798120210201027,1.0355627536773682,1.008043646812439,1.215489149093628,1.044572887095538,0.04378664778090448,1.0245903730392456,0.996248185634613,1.1842455863952637,0.3181818181818182,0.21836842129025597,299.0,0.911440035339826,NestedUNet,False,,,True,200.0
1.0782955072142861,0.05059658384098087,1.070575475692749,1.0189580917358398,1.2470073699951172,1.0521792281757703,0.04363652342232833,1.0346000790596008,1.0098683834075928,1.1850727796554565,0.45454545454545453,0.020047233548095234,347.0,0.9933635552119688,NestedUNet,False,,,True,200.0
1.0899203257127241,0.0623456244856716,1.0603677034378052,1.0184296369552612,1.2379878759384155,1.0704716606573625,0.05726649980592552,1.0560947060585022,1.0173418521881104,1.2720341682434082,0.22727272727272727,0.6323860678195116,294.0,0.8910838853813637,NestedUNet,False,,,True,200.0
1.0635772537101398,0.06834579566719202,1.0453608632087708,0.9928609132766724,1.231431007385254,1.020842495289716,0.03221216883552251,1.0165176391601562,0.9852581024169922,1.1005275249481201,0.36363636363636365,0.10926173289185331,347.0,0.9933635552119688,NestedUNet,False,,,True,200.0
1.060404273596677,0.06303481471654082,1.03057199716568,1.001822590827942,1.2049628496170044,1.0211400606415488,0.028066372103448832,1.0114176273345947,0.9910067915916443,1.1008684635162354,0.4090909090909091,0.04934690960468394,352.0,0.9952528832327626,NestedUNet,True,close,3,True,200.0
1.0888867053118618,0.05641385082583626,1.0736587047576904,1.02298903465271,1.2407960891723633,1.0742655396461487,0.08764419173318995,1.0321099758148193,1.0178463459014893,1.3676892518997192,0.45454545454545453,0.020047233548095234,337.0,0.9875075403824681,NestedUNet,True,open,3,True,200.0
1.06567321582274,0.054493623163617236,1.0442809462547302,1.005163311958313,1.208235263824463,1.0405991348353298,0.04049263717238545,1.0302654504776,1.0014824867248535,1.159238338470459,0.3181818181818182,0.21836842129025597,316.0,0.9598294769812221,NestedUNet,True,both,3,True,200.0
1.0921604850075461,0.07492519515360362,1.054542899131775,1.0206292867660522,1.2821669578552246,1.0593006448312239,0.04855755804712089,1.0371150374412537,1.0079255104064941,1.2236847877502441,0.4090909090909091,0.04934690960468394,325.0,0.9750000184045984,NestedUNet,False,,,True,200.0
1.056858393278989,0.05288544309984185,1.038798451423645,0.9996522665023804,1.196068286895752,1.02936790748076,0.05073023607630537,1.012151837348938,0.9877965450286865,1.2172931432724,0.5,0.007289903434428559,358.0,0.9968768236792518,NestedUNet,False,,,True,200.0
3.067252278327942,0.022938566143138633,3.0674655437469482,3.0148143768310547,3.108323574066162,3.068130363117565,0.02430126843264446,3.0696624517440796,3.0256967544555664,3.1172008514404297,0.13636363636363635,0.9900571661472556,240.0,0.4859565669766532,NestedUNet,False,,,True,0.1
2.7395641803741455,0.02274192489021036,2.7429386377334595,2.700530529022217,2.7820281982421875,2.731485139239918,0.016769718613434646,2.730013132095337,2.695990562438965,2.76586651802063,0.3181818181818182,0.21836842129025597,294.0,0.8910838853813637,NestedUNet,True,close,3,True,0.1
3.0091494863683526,0.024425182641051143,3.005360960960388,2.9759788513183594,3.0608909130096436,3.015949075872248,0.02291950336593233,3.015554666519165,2.9714629650115967,3.0651798248291016,0.2727272727272727,0.39373973565829246,198.0,0.1536131850340976,NestedUNet,True,open,3,True,0.1
1.0901878530328923,0.05078020859969481,1.0735257863998413,1.0409071445465088,1.225089192390442,1.0698311654004184,0.059044007366261024,1.045320212841034,1.022047519683838,1.2531647682189941,0.4090909090909091,0.04934690960468394,334.0,0.9850426489332075,NestedUNet,True,close,3,True,200.0
1.082872049375014,0.06596059152989706,1.0496016144752502,1.0119690895080566,1.2555432319641113,1.05109563740817,0.031091481841324764,1.0438610911369324,1.013063669204712,1.1363260746002197,0.36363636363636365,0.10926173289185331,305.0,0.9319551383285242,NestedUNet,True,close,3,True,200.0
3.040463003245267,0.052358141272592806,3.0368252992630005,2.9681906700134277,3.1454501152038574,3.050004395571622,0.04978859985162509,3.041512608528137,2.9761147499084473,3.1479010581970215,0.18181818181818182,0.8716786642836207,214.0,0.2593025082143628,NestedUNet,True,both,3,True,0.1
2.669915210116993,0.013669939364417199,2.667747378349304,2.6511354446411133,2.6975948810577393,2.6680905277078804,0.013607748921400419,2.6682695150375366,2.6388120651245117,2.687495231628418,0.18181818181818182,0.8716786642836207,240.0,0.4859565669766532,NestedUNet,False,,,True,0.5
2.761984944343567,0.01711901289073685,2.7595895528793335,2.722259759902954,2.7857859134674072,2.761142145503651,0.01497302676675308,2.7607754468917847,2.726656436920166,2.7865865230560303,0.18181818181818182,0.8716786642836207,251.0,0.5882283359277591,NestedUNet,True,close,3,True,0.5
1.0723240212960676,0.060306034238942936,1.041395902633667,1.0097296237945557,1.2176381349563599,1.031277217648246,0.032790644115993264,1.0200637578964233,0.9975811243057251,1.1377029418945312,0.45454545454545453,0.020047233548095234,360.0,0.9972946353202002,NestedUNet,True,open,3,True,200.0
1.0701779560609297,0.033565124087517405,1.0643187165260315,1.0202637910842896,1.1401357650756836,1.0603708191351457,0.061157444778832226,1.0372070670127869,1.0171805620193481,1.275141954421997,0.4090909090909091,0.04934690960468394,333.0,0.9841330031215517,NestedUNet,True,open,3,True,200.0
2.3658662275834517,0.029604347192649944,2.3724735975265503,2.307368516921997,2.4198813438415527,2.3581435138529,0.0303313098725358,2.3598387241363525,2.2976465225219727,2.422520637512207,0.3181818181818182,0.21836842129025597,275.0,0.7841637827480978,NestedUNet,True,open,3,True,0.5
2.726418527689847,0.029449338310485643,2.7261701822280884,2.680414915084839,2.7801761627197266,2.7190383564342153,0.02013842695367851,2.720769166946411,2.6762542724609375,2.749452590942383,0.2727272727272727,0.39373973565829246,273.0,0.7701642045207181,NestedUNet,True,both,3,True,0.5
1.5145871585065669,0.06347490026764079,1.4953733086585999,1.4376471042633057,1.6823441982269287,1.4830692573027178,0.04830014542853553,1.4767385721206665,1.4097785949707031,1.604434847831726,0.2727272727272727,0.39373973565829246,310.0,0.9460687104322781,NestedUNet,False,,,True,8.0
1.0924407839775085,0.05198251807753071,1.0803240537643433,1.033188819885254,1.2606041431427002,1.0673584125258706,0.03514892208164562,1.053720772266388,1.021439552307129,1.1463971138000488,0.36363636363636365,0.10926173289185331,327.0,0.9776203527122138,NestedUNet,True,both,3,True,200.0
1.1393865672024814,0.05822067134567911,1.1218700408935547,1.077260971069336,1.2889082431793213,1.105224690654061,0.043514047287342726,1.0917465090751648,1.0542186498641968,1.2601267099380493,0.36363636363636365,0.10926173289185331,345.0,0.9924384327984666,NestedUNet,True,both,3,True,200.0
1.5344413031231274,0.05366793838875532,1.5154300928115845,1.4848270416259766,1.68690824508667,1.5352816635912114,0.06496983479159159,1.5124394297599792,1.4626160860061646,1.7395176887512207,0.13636363636363635,0.9900571661472556,255.0,0.6243328437211831,NestedUNet,True,close,3,True,8.0
2.831069577823986,0.015984988590143773,2.8319085836410522,2.8005013465881348,2.86208438873291,2.8332954861901025,0.01904502121812735,2.8316487073898315,2.79677677154541,2.8611581325531006,0.18181818181818182,0.8716786642836207,229.0,0.38460522089181814,NestedUNet,False,,,True,0.1
3.021378853104331,0.012264402328326688,3.0188437700271606,3.0028295516967773,3.051398515701294,3.025311827659607,0.010233120407620281,3.0232988595962524,3.005854606628418,3.0460429191589355,0.2727272727272727,0.39373973565829246,185.0,0.09238616865268928,NestedUNet,False,,,True,0.1
1.5287963206117803,0.0460509836568666,1.5291147828102112,1.4451932907104492,1.6374764442443848,1.5095234459096736,0.07475621117128406,1.4890074133872986,1.4197275638580322,1.6940375566482544,0.4090909090909091,0.04934690960468394,314.0,0.9556003234056238,NestedUNet,True,open,3,True,8.0
3.2339727228338067,0.02139491202510554,3.234378695487976,3.1959071159362793,3.276641368865967,3.242121631448919,0.01888070410454898,3.2405858039855957,3.207730770111084,3.2813000679016113,0.3181818181818182,0.21836842129025597,181.0,0.07779017389609892,NestedUNet,True,close,3,True,0.1
1.5005400614304976,0.047907298573516485,1.4997951984405518,1.436790108680725,1.599049687385559,1.463252994147214,0.034564958990521456,1.4590215682983398,1.4029699563980103,1.5389013290405273,0.36363636363636365,0.10926173289185331,352.0,0.9952528832327626,NestedUNet,True,both,3,True,8.0
3.436106389219111,0.03232497906208835,3.4379669427871704,3.3698697090148926,3.495133399963379,3.4437373117967085,0.02258066050781576,3.439979672431946,3.4122567176818848,3.4967548847198486,0.22727272727272727,0.6323860678195116,211.0,0.237021885951249,NestedUNet,True,close,3,True,0.1
0.8296215534210205,0.02627675695384179,0.8223989605903625,0.7957615852355957,0.9027623534202576,0.8555830337784507,0.03285866914204721,0.8506805598735809,0.8174985647201538,0.939085841178894,0.45454545454545453,0.020047233548095234,120.0,0.0021727737616302326,NestedUNet,False,,,False,
2.8898059779947456,0.0299723148918296,2.8947432041168213,2.8176686763763428,2.9327239990234375,2.890800801190463,0.035333723384620846,2.8990302085876465,2.8225533962249756,2.940931558609009,0.22727272727272727,0.6323860678195116,231.0,0.4026620853091242,NestedUNet,True,open,3,True,0.1
0.8301958279176191,0.02567650367946333,0.8175933957099915,0.8015639781951904,0.9012895822525024,0.8482885794206099,0.03390698904992886,0.8399583995342255,0.8087960481643677,0.9233680963516235,0.36363636363636365,0.10926173289185331,156.0,0.022379647287786138,NestedUNet,True,close,3,False,
2.9836126349189063,0.0182656600783232,2.985782504081726,2.94512939453125,3.008922576904297,2.9823235923593696,0.020752959516150467,2.98427414894104,2.9425086975097656,3.011949062347412,0.13636363636363635,0.9900571661472556,246.0,0.5420607771670265,NestedUNet,True,open,3,True,0.1
0.8348208530382677,0.02591967956720324,0.8263815641403198,0.8065080046653748,0.9089616537094116,0.852665513753891,0.02823542605930028,0.8538579642772675,0.8106016516685486,0.9168351292610168,0.3181818181818182,0.21836842129025597,148.0,0.014092901073953692,NestedUNet,True,open,3,False,
0.8279074132442474,0.02003548802805561,0.8222291171550751,0.8022053837776184,0.8900969624519348,0.8652760467746041,0.035509884010257856,0.8613342046737671,0.8229413628578186,0.9579276442527771,0.5454545454545454,0.002358498170269704,74.0,4.2179798472088575e-05,NestedUNet,True,both,3,False,
3.1603166081688623,0.012161628575201094,3.1602625846862793,3.1391987800598145,3.185819149017334,3.1602062203667383,0.015631161209102188,3.1567105054855347,3.139747381210327,3.198263168334961,0.13636363636363635,0.9900571661472556,252.0,0.5973379146908758,NestedUNet,True,both,3,True,0.1
3.170118201862682,0.024364154360914922,3.1721560955047607,3.1329596042633057,3.247061252593994,3.1759367964484473,0.013630522004005097,3.171325206756592,3.157545566558838,3.19998836517334,0.36363636363636365,0.10926173289185331,190.0,0.11336211114805772,NestedUNet,True,both,3,True,0.1
0.837264440276406,0.0241347829274147,0.8310357630252838,0.8064485192298889,0.9117618799209595,0.8524586720900102,0.04358225084457474,0.8395984470844269,0.8165900111198425,1.014963984489441,0.22727272727272727,0.6323860678195116,195.0,0.1375314960388796,NestedUNet,False,,,False,
0.8095281801440499,0.020388250737311785,0.8030189275741577,0.7829807996749878,0.866888165473938,0.8509046137332916,0.03778236035279455,0.8500140011310577,0.8112971782684326,0.9999334812164307,0.7272727272727273,6.709809872744534e-06,53.0,4.831279321465178e-06,NestedUNet,True,close,3,False,
2.7972464778206567,0.01466903897667577,2.793402671813965,2.7736001014709473,2.8269436359405518,2.7985614754936914,0.01611408105819669,2.800635576248169,2.7601237297058105,2.8321900367736816,0.22727272727272727,0.6323860678195116,221.0,0.31519114590478475,NestedUNet,False,,,True,0.5
2.824807047843933,0.02200166041890396,2.8255797624588013,2.774378538131714,2.873953104019165,2.8257749514146284,0.018610531616066735,2.8264639377593994,2.789546012878418,2.857987880706787,0.13636363636363635,0.9900571661472556,244.0,0.523397128824165,NestedUNet,False,,,True,0.5
0.8398926529017362,0.03195520248899357,0.826074093580246,0.8039118051528931,0.9176215529441833,0.8636523349718614,0.04766431439674294,0.8429557681083679,0.8129031658172607,1.0029951333999634,0.45454545454545453,0.020047233548095234,152.0,0.017829260705917,NestedUNet,True,open,3,False,
0.8410672057758678,0.028190093937851,0.8331071734428406,0.8060371279716492,0.9250984191894531,0.8572750281203877,0.03624159249550115,0.8519966900348663,0.8115659356117249,0.9385795593261719,0.36363636363636365,0.10926173289185331,177.0,0.06501489819191793,NestedUNet,True,both,3,False,
3.12314236164093,0.013873077781961472,3.1214176416397095,3.099926710128784,3.1626667976379395,3.127549810843034,0.0124691847635882,3.127447009086609,3.1011574268341064,3.1509203910827637,0.2727272727272727,0.39373973565829246,181.0,0.07779017389609892,NestedUNet,True,close,3,True,0.5
2.6360863230445166,0.017343436994125754,2.6373636722564697,2.608807325363159,2.680548667907715,2.6313715522939507,0.019008269435798517,2.6253278255462646,2.605198860168457,2.6818532943725586,0.3181818181818182,0.21836842129025597,293.0,0.8866378888519423,NestedUNet,True,close,3,True,0.5
0.8310628099875017,0.02310681699830364,0.8189447224140167,0.8034374117851257,0.8907325267791748,0.8579190237955614,0.033933822678815194,0.8483271598815918,0.8181639909744263,0.9682031273841858,0.5,0.007289903434428559,106.0,0.0007350020132512934,NestedUNet,False,,,False,
0.856460148637945,0.03346825682111494,0.8554401397705078,0.8177490830421448,0.9502389430999756,0.87181556224823,0.047267111508033276,0.8639227449893951,0.8143501877784729,1.015895962715149,0.36363636363636365,0.10926173289185331,193.0,0.12747207717531422,NestedUNet,True,close,3,False,
2.7394851554523814,0.01378998647618913,2.7366966009140015,2.7109758853912354,2.7636425495147705,2.742081501267173,0.01542451817341047,2.7391421794891357,2.7175920009613037,2.7719671726226807,0.22727272727272727,0.6323860678195116,216.0,0.274735845911971,NestedUNet,True,open,3,True,0.5
0.8311234414577484,0.01779800640485291,0.8252633512020111,0.8112901449203491,0.8777033090591431,0.8782925795425068,0.05384671563975107,0.8625392615795135,0.8237888216972351,1.020957589149475,0.5,0.007289903434428559,77.0,5.640488613457099e-05,NestedUNet,True,open,3,False,
2.716657443480058,0.026780335935484057,2.7237513065338135,2.6562650203704834,2.7554006576538086,2.71358154036782,0.021911468600869972,2.7143537998199463,2.6594929695129395,2.763014316558838,0.3181818181818182,0.21836842129025597,279.0,0.8106308740567347,NestedUNet,True,open,3,True,0.5
0.8375991664149545,0.030491764845358746,0.8294452428817749,0.7999889850616455,0.9081678986549377,0.8413726795803417,0.021517999992439703,0.8394938409328461,0.8104287981987,0.8922944068908691,0.2727272727272727,0.39373973565829246,202.0,0.1769194650957382,NestedUNet,True,both,3,False,
2.7040482325987383,0.020265457378162214,2.6981332302093506,2.6672556400299072,2.746692657470703,2.7057688669724898,0.019925552546440572,2.7015414237976074,2.678767204284668,2.750532627105713,0.13636363636363635,0.9900571661472556,235.0,0.43936787551868794,NestedUNet,True,both,3,True,0.5
0.8189644732258536,0.01811716989418194,0.8149707317352295,0.7925425171852112,0.8600145578384399,0.8741814385760914,0.06330013696779338,0.8583766520023346,0.8125077486038208,1.0742738246917725,0.5909090909090909,0.0006738566200770582,64.0,1.5472975713522534e-05,NestedUNet,False,,,False,
2.6946717392314565,0.027662473768554553,2.687669277191162,2.6586694717407227,2.785233497619629,2.6795368736440484,0.01869022244231719,2.675952911376953,2.652932643890381,2.7285261154174805,0.3181818181818182,0.21836842129025597,330.0,0.9811143255242917,NestedUNet,True,both,3,True,0.5
0.81175651604479,0.020708903833981912,0.8029085397720337,0.7878408432006836,0.8632470369338989,0.8832189088517969,0.06044240659868417,0.8688035309314728,0.8236230611801147,1.0416163206100464,0.7272727272727273,6.709809872744534e-06,33.0,4.939272247459895e-07,NestedUNet,True,close,3,False,
0.8428117091005499,0.029847113054129553,0.8296063244342804,0.8052681088447571,0.9165799021720886,0.8573201732202009,0.03847829164188639,0.8465979397296906,0.8168576955795288,0.9607928991317749,0.3181818181818182,0.21836842129025597,181.0,0.07779017389609892,NestedUNet,True,open,3,False,
1.5120836984027515,0.05311424746748397,1.5088107585906982,1.4426227807998657,1.6258504390716553,1.4703339013186367,0.03213868159712099,1.4715405702590942,1.4138482809066772,1.5625128746032715,0.45454545454545453,0.020047233548095234,354.0,0.9958628921746424,NestedUNet,False,,,True,8.0
1.5692135583270679,0.035677843577065445,1.570687174797058,1.523395299911499,1.6701109409332275,1.5524133985692805,0.056049595439790885,1.5389927625656128,1.504784345626831,1.75566828250885,0.36363636363636365,0.10926173289185331,330.0,0.9811143255242917,NestedUNet,False,,,True,8.0
0.8272045904939825,0.022855317578273044,0.8185339272022247,0.8003354668617249,0.8882920742034912,0.8443090536377647,0.022349501921290617,0.8423558473587036,0.8136781454086304,0.9025152325630188,0.5,0.007289903434428559,126.0,0.0033531378039027915,NestedUNet,True,both,3,False,
1.5898199840025469,0.05430115294113474,1.5844746232032776,1.5131880044937134,1.7116363048553467,1.5472724654457786,0.05970661306570331,1.534101963043213,1.4870517253875732,1.7611645460128784,0.5,0.007289903434428559,377.0,0.9992649979867487,NestedUNet,True,close,3,True,8.0
1.475014486096122,0.05656330716216052,1.4692701697349548,1.4008113145828247,1.620566487312317,1.4449292529713025,0.0559956005279646,1.439899206161499,1.3798515796661377,1.6820919513702393,0.5,0.007289903434428559,333.0,0.9841330031215517,NestedUNet,True,close,3,True,8.0
1.4878342747688293,0.05806352895540234,1.4743506908416748,1.419924020767212,1.6306827068328857,1.476813175461509,0.08464408112573835,1.4510897397994995,1.3807319402694702,1.6815831661224365,0.3181818181818182,0.21836842129025597,297.0,0.9036666520005641,NestedUNet,True,open,3,True,8.0
1.4685681895776228,0.05348768436189006,1.4520325660705566,1.4051563739776611,1.6097429990768433,1.4257054057988254,0.03495053588364274,1.4246793389320374,1.3702960014343262,1.5389211177825928,0.5,0.007289903434428559,363.0,0.9978272262383697,NestedUNet,True,open,3,True,8.0
1.498459675095298,0.0605546684365783,1.4835602641105652,1.4234342575073242,1.6310648918151855,1.4609613581137224,0.061160441978250005,1.4450074434280396,1.3917328119277954,1.640371561050415,0.45454545454545453,0.020047233548095234,345.0,0.9924384327984666,NestedUNet,True,both,3,True,8.0
1.4976466406475415,0.06338630444105245,1.4863532781600952,1.4192346334457397,1.6523303985595703,1.4787956422025508,0.0771703283013875,1.4498154520988464,1.3915504217147827,1.6885766983032227,0.3181818181818182,0.21836842129025597,305.0,0.9319551383285242,NestedUNet,True,both,3,True,8.0
0.8484428335319866,0.028938775195814063,0.8402475416660309,0.8173583745956421,0.9287448525428772,0.8600305887785825,0.05893077763582125,0.8404121398925781,0.8123337030410767,1.0455141067504883,0.13636363636363635,0.9900571661472556,243.0,0.5140434330233469,NestedUNet,False,,,False,
0.8379878076640043,0.027693579289515068,0.8277772068977356,0.8017369508743286,0.9120907187461853,0.8677396991036155,0.03722844011428791,0.8656696975231171,0.8189436793327332,0.9535759687423706,0.4090909090909091,0.04934690960468394,118.0,0.0018725545572861205,NestedUNet,False,,,False,
0.8161985007199374,0.01929049902078575,0.8123567998409271,0.7820262908935547,0.8674259185791016,0.8618638732216575,0.04108861157391867,0.8517482876777649,0.8163346648216248,0.9714444875717163,0.5909090909090909,0.0006738566200770582,56.0,6.6785346063722964e-06,NestedUNet,True,close,3,False,
0.8091848871924661,0.012034075129392838,0.8063909411430359,0.792441725730896,0.8400605320930481,0.8742175644094293,0.058933382686443644,0.8588593602180481,0.8128076195716858,1.059464693069458,0.7727272727272727,1.0322784419606977e-06,27.0,2.3907619380472635e-07,NestedUNet,True,close,3,False,
0.8426981487057426,0.02699472011731459,0.831708550453186,0.8099539875984192,0.9148895740509033,0.8590247522700917,0.038026885882060796,0.8467170298099518,0.8173800706863403,0.9591306447982788,0.22727272727272727,0.6323860678195116,185.0,0.09238616865268928,NestedUNet,True,open,3,False,
0.8195866292173212,0.020520537678872477,0.8152586221694946,0.7899816632270813,0.8799948692321777,0.8752807107838717,0.049719324133418896,0.867741197347641,0.819127082824707,0.9873371124267578,0.6363636363636364,0.00016846415501926455,56.0,6.6785346063722964e-06,NestedUNet,True,open,3,False,
0.8332522159272974,0.024073212623942488,0.825815737247467,0.7967831492424011,0.8839129209518433,0.856200638142499,0.05531271588971583,0.8500614762306213,0.8130436539649963,1.0888923406600952,0.3181818181818182,0.21836842129025597,158.0,0.024999981595401576,NestedUNet,True,both,3,False,
0.8138247403231534,0.022192238618292327,0.8064222037792206,0.7831722497940063,0.8720310926437378,0.8655828806486997,0.04387693998094078,0.8551194965839386,0.8134556412696838,0.9631457328796387,0.6363636363636364,0.00016846415501926455,56.0,6.6785346063722964e-06,NestedUNet,True,both,3,False,
0.8262563185258345,0.020203941888250913,0.818037211894989,0.8028407692909241,0.8832990527153015,0.8564933673901991,0.03748801301834828,0.8449732661247253,0.8157992362976074,0.9495577812194824,0.45454545454545453,0.020047233548095234,102.0,0.0005293742584686381,NestedUNet,False,,,False,
0.8537507680329409,0.02655539987638211,0.8486756980419159,0.8221950531005859,0.9121805429458618,0.8598874942822889,0.050112991873462395,0.848846048116684,0.8169201612472534,1.039572834968567,0.18181818181818182,0.8716786642836207,257.0,0.6420059180202897,NestedUNet,False,,,False,
0.8186397877606478,0.02257262048224944,0.8125990331172943,0.7857292294502258,0.8735723495483398,0.8651639006354592,0.03746878024354811,0.8630377650260925,0.814348578453064,0.986459493637085,0.5909090909090909,0.0006738566200770582,59.0,9.188291762279109e-06,NestedUNet,True,close,3,False,
0.8506572083993391,0.033974269363319334,0.8344316780567169,0.8086773753166199,0.9197551012039185,0.8505681211298163,0.03354475398528624,0.84595787525177,0.8079198598861694,0.9680399298667908,0.2727272727272727,0.39373973565829246,229.0,0.38460522089181814,NestedUNet,True,close,3,False,
0.8564785014499318,0.041202202372302286,0.8402372002601624,0.814086377620697,0.966101884841919,0.8819798285310919,0.07271094178994222,0.8585951328277588,0.824863076210022,1.1643673181533813,0.2727272727272727,0.39373973565829246,181.0,0.07779017389609892,NestedUNet,True,open,3,False,
0.824928958307613,0.018945787332893836,0.8184941112995148,0.7941879034042358,0.8669238686561584,0.8517512787472118,0.0340299731570764,0.8515966832637787,0.8183087706565857,0.9696320295333862,0.5,0.007289903434428559,99.0,0.000411636518364765,NestedUNet,True,open,3,False,
0.8284688754515215,0.024954810004644713,0.8193908035755157,0.7924460768699646,0.8910182118415833,0.8643485741181807,0.035232969652938644,0.8587521612644196,0.8177238702774048,0.9610247611999512,0.5909090909090909,0.0006738566200770582,91.0,0.0002057237332550778,NestedUNet,True,both,3,False,
0.8167431950569153,0.01663962889312454,0.8128243684768677,0.7883539795875549,0.8551883101463318,0.8696739565242421,0.04399593114584917,0.8639959394931793,0.8128690719604492,0.9880524277687073,0.7272727272727273,6.709809872744534e-06,43.0,1.5863066895501466e-06,NestedUNet,True,both,3,False,
0.8326877003366296,0.024151243279251666,0.8221642076969147,0.7994524240493774,0.879559338092804,0.8598995262926276,0.05124639098266638,0.8443149924278259,0.8151134252548218,1.04694664478302,0.45454545454545453,0.020047233548095234,141.0,0.00916215387575849,NestedUNet,False,,,False,
0.822978981516578,0.02069218870432885,0.8158054053783417,0.7939408421516418,0.8734214305877686,0.8735797269777819,0.05574667402612411,0.8614298701286316,0.8171417713165283,1.0543467998504639,0.5909090909090909,0.0006738566200770582,66.0,1.898922700313391e-05,NestedUNet,False,,,False,
0.8485475453463468,0.03112997249370184,0.842494010925293,0.8136369585990906,0.9313726425170898,0.8410898257385601,0.018573345881323727,0.8395200073719025,0.816055178642273,0.8950762152671814,0.22727272727272727,0.6323860678195116,254.0,0.6153947791081819,NestedUNet,True,close,3,False,
0.8246237771077589,0.02094074539114594,0.8184231519699097,0.7969936728477478,0.8764331936836243,0.8566997295076196,0.042819030883957346,0.8467390239238739,0.8095943331718445,0.951962411403656,0.45454545454545453,0.020047233548095234,110.0,0.0010121276938572484,NestedUNet,True,close,3,False,
0.8353998823599382,0.025208732554337313,0.8264021277427673,0.804528534412384,0.9121834635734558,0.8509987077929757,0.03221848717989085,0.8475541770458221,0.8141266703605652,0.9597240090370178,0.3181818181818182,0.21836842129025597,159.0,0.026403755708056816,NestedUNet,True,open,3,False,
0.8533734516663984,0.03455768008320736,0.8406851887702942,0.8125783801078796,0.9337474703788757,0.8493912247094241,0.02333736711014373,0.8515239655971527,0.8143970370292664,0.892784833908081,0.18181818181818182,0.8716786642836207,245.0,0.532737950206313,NestedUNet,True,open,3,False,
0.8231364515694705,0.015014298317838072,0.8189491629600525,0.8025268316268921,0.8563359379768372,0.8808176463300531,0.0829908659402679,0.8550914525985718,0.812242865562439,1.1866891384124756,0.5909090909090909,0.0006738566200770582,76.0,5.1224016023054746e-05,NestedUNet,True,both,3,False,
0.8378560055385936,0.019949816746864173,0.8304789960384369,0.8176472783088684,0.8891717791557312,0.8520285405895927,0.025636025394509883,0.8530745208263397,0.8158432841300964,0.9209569096565247,0.45454545454545453,0.020047233548095234,155.0,0.02115885337518056,NestedUNet,True,both,3,False,
0.8123759139667858,0.01707443635341941,0.808527946472168,0.782569408416748,0.8615767955780029,0.8630569333379919,0.039087223174794156,0.851641446352005,0.8213373422622681,0.9750882387161255,0.8181818181818182,1.290348052450872e-07,27.0,2.3907619380472635e-07,NestedUNet,False,,,False,
0.8204640746116638,0.022465474534653605,0.814797043800354,0.7908069491386414,0.8838410377502441,0.8624500876123254,0.04474063034081719,0.8539547026157379,0.814227283000946,0.9695271849632263,0.5454545454545454,0.002358498170269704,80.0,7.507260503240451e-05,NestedUNet,False,,,False,
0.8219175636768341,0.02179304809230845,0.8154803216457367,0.7930152416229248,0.8653347492218018,0.8569127808917653,0.03994741947061968,0.854561984539032,0.8137232065200806,0.9764771461486816,0.5454545454545454,0.002358498170269704,93.0,0.0002454393224201422,NestedUNet,True,close,3,False,
0.849493145942688,0.03767767395938441,0.8354107439517975,0.8126691579818726,0.9581074714660645,0.8600716672160409,0.06562995567489828,0.8497815132141113,0.8114888072013855,1.1405417919158936,0.22727272727272727,0.6323860678195116,217.0,0.2826188180871631,NestedUNet,True,close,3,False,
0.8354994898492639,0.02118815482869223,0.8279908895492554,0.8030195236206055,0.8821902275085449,0.8675084926865317,0.05256963410370855,0.8539223372936249,0.8204410672187805,1.0577753782272339,0.5454545454545454,0.002358498170269704,120.0,0.0021727737616302326,NestedUNet,True,open,3,False,
0.8305395922877572,0.017857037538218486,0.8284176290035248,0.806816041469574,0.8712498545646667,0.8799769173968922,0.04575028328838789,0.8797888159751892,0.8248401284217834,1.0292632579803467,0.6363636363636364,0.00016846415501926455,59.0,9.188291762279109e-06,NestedUNet,True,open,3,False,
0.8555738655003634,0.03288259218652899,0.8479361236095428,0.8076579570770264,0.9301421642303467,0.8692720938812603,0.057375912363693334,0.8541505038738251,0.8162654638290405,1.085814356803894,0.18181818181818182,0.8716786642836207,219.0,0.29870313481377814,NestedUNet,True,both,3,False,
0.8417885438962416,0.02768809712698274,0.8298725187778473,0.8118870258331299,0.903680682182312,0.8520376059142026,0.023039258721613127,0.8518408536911011,0.8183721899986267,0.9117941856384277,0.36363636363636365,0.10926173289185331,170.0,0.04664497809180231,NestedUNet,True,both,3,False,
3.019731575792486,0.01964287544798384,3.0152201652526855,2.98684024810791,3.0719752311706543,3.0225406993519175,0.022658291107885656,3.018384099006653,2.9864535331726074,3.066974401473999,0.13636363636363635,0.9900571661472556,226.0,0.3579940819797103,NestedUNet,False,,,True,0.1
