Model,Morphology,Operation,Kernel Size,DPSGD,epsilon,true_label,predicted_label,loss,accuracy,f1
NestedUNet,False,,,True,200.0,"[1. 1. 1. 1. 1. 1. 1. 1. 1. 1. 1. 1. 1. 1. 1. 1. 1. 1. 1. 1. 0. 0. 0. 0.
 0. 0. 0. 0. 0. 0. 0. 0. 0. 0. 0. 0. 0. 0. 0. 0.]","[0. 0. 0. 0. 0. 0. 0. 0. 0. 0. 0. 0. 0. 0. 0. 0. 0. 0. 0. 0. 0. 0. 0. 0.
 0. 0. 0. 0. 0. 0. 0. 0. 0. 0. 0. 0. 0. 0. 0. 0.]","[0.99286091 1.09531498 1.0059855  1.09078097 1.03647041 0.99629194
 1.18266857 1.04828262 1.05096436 1.02744555 0.99701381 1.00997376
 1.05985844 1.06226289 1.00863457 1.20843709 1.13160706 1.00849152
 1.10065508 1.0068562  0.9852581  0.99316549 0.98948479 0.99349272
 0.99493766 1.02134883 1.04818392 0.99393445 0.99904269 0.99849641
 1.02055669 1.08447278 1.05963886 1.32764339 0.98569465 0.97294337
 0.99763113 1.02234828 1.03298819 1.01761746]",0.5,0.0
NestedUNet,True,close,3,True,200.0,"[1. 1. 1. 1. 1. 1. 1. 1. 1. 1. 1. 1. 1. 1. 1. 1. 1. 1. 1. 1. 0. 0. 0. 0.
 0. 0. 0. 0. 0. 0. 0. 0. 0. 0. 0. 0. 0. 0. 0. 0.]","[0. 0. 0. 0. 0. 0. 0. 0. 0. 0. 0. 0. 0. 0. 0. 0. 0. 0. 0. 0. 0. 0. 0. 0.
 0. 0. 0. 0. 0. 0. 0. 0. 0. 0. 0. 0. 0. 0. 0. 0.]","[1.0159657  1.17445433 1.01154542 1.06696105 1.11225712 1.01278543
 1.06005692 1.0018245  1.10297227 1.03359306 1.0455457  1.01929426
 1.02058768 1.12617373 1.09895551 1.12837315 1.20438159 1.01755261
 1.0647732  1.05853331 1.05357862 0.99873692 1.00067186 0.99940228
 0.998743   1.00811315 1.00378776 0.99968624 1.002213   0.99117428
 1.02436912 1.08178842 1.06039214 1.36362505 0.99100679 0.97827917
 0.99833196 1.02816617 1.03109574 1.02140999]",0.5,0.0
NestedUNet,True,open,3,True,200.0,"[1. 1. 1. 1. 1. 1. 1. 1. 1. 1. 1. 1. 1. 1. 1. 1. 1. 1. 1. 1. 0. 0. 0. 0.
 0. 0. 0. 0. 0. 0. 0. 0. 0. 0. 0. 0. 0. 0. 0. 0.]","[0. 0. 0. 0. 0. 0. 0. 0. 0. 0. 0. 0. 0. 0. 0. 0. 0. 0. 0. 0. 0. 0. 0. 0.
 0. 0. 0. 0. 0. 0. 0. 0. 0. 0. 0. 0. 0. 0. 0. 0.]","[1.04190636 1.04909682 1.05436635 1.04985714 1.03350914 1.14717007
 1.13432705 1.06836772 1.03334689 1.0496912  1.02485776 1.08316028
 1.05902994 1.0229888  1.09150565 1.20273447 1.05981982 1.04423892
 1.03305209 1.04322445 1.04110301 1.02044106 1.0292331  1.02054131
 1.03152335 1.02712715 1.01991296 1.07827961 1.01831055 1.02945352
 1.05324578 1.10575116 1.08427846 1.36768925 1.01784682 1.0091846
 1.02809978 1.04874706 1.04920256 1.04498219]",0.5,0.0
NestedUNet,True,both,3,True,200.0,"[1. 1. 1. 1. 1. 1. 1. 1. 1. 1. 1. 1. 1. 1. 1. 1. 1. 1. 1. 1. 0. 0. 0. 0.
 0. 0. 0. 0. 0. 0. 0. 0. 0. 0. 0. 0. 0. 0. 0. 0.]","[0. 0. 0. 0. 0. 0. 0. 0. 0. 0. 0. 0. 0. 0. 0. 0. 0. 0. 0. 0. 0. 0. 0. 0.
 0. 0. 0. 0. 0. 0. 0. 0. 0. 0. 0. 0. 0. 0. 0. 0.]","[1.07735348 1.10433638 1.17500842 1.00797796 1.0225817  1.02238464
 1.06773722 1.09034777 1.03038263 1.00516331 1.00896311 1.04918897
 1.05326176 1.19460082 1.10114741 1.1398226  1.072451   1.0434233
 1.01951218 1.03563607 1.01357472 1.00275338 1.01166725 1.0021292
 1.00710344 1.01372504 1.00148249 1.06123483 1.0101409  1.00546122
 1.03195965 1.08784509 1.06767702 1.25613606 0.99888498 0.98869681
 1.00779474 1.03988898 1.04538894 1.02765274]",0.5,0.0
NestedUNet,False,,,True,200.0,"[1. 1. 1. 1. 1. 1. 1. 1. 1. 1. 1. 1. 1. 1. 1. 1. 1. 1. 1. 1. 0. 0. 0. 0.
 0. 0. 0. 0. 0. 0. 0. 0. 0. 0. 0. 0. 0. 0. 0. 0.]","[0. 0. 0. 0. 0. 0. 0. 0. 0. 0. 0. 0. 0. 0. 0. 0. 0. 0. 0. 0. 0. 0. 0. 0.
 0. 0. 0. 0. 0. 0. 0. 0. 0. 0. 0. 0. 0. 0. 0. 0.]","[1.28216696 1.03831911 1.04645848 1.14587665 1.12980151 1.0454458
 1.24777389 1.03540039 1.05640209 1.23203409 1.04280484 1.12268269
 1.09039712 1.02062929 1.05268371 1.02818799 1.06663692 1.02398109
 1.05209196 1.07018375 1.03559792 1.03250754 1.03061044 1.03571582
 1.02191186 1.05132067 1.03632879 1.0373342  1.09538174 1.02295887
 1.05647063 1.11767519 1.08074033 1.35074782 1.0221926  1.00792766
 1.02231193 1.05725384 1.06225014 1.05242467]",0.5,0.0
NestedUNet,False,,,True,200.0,"[1. 1. 1. 1. 1. 1. 1. 1. 1. 1. 1. 1. 1. 1. 1. 1. 1. 1. 1. 1. 0. 0. 0. 0.
 0. 0. 0. 0. 0. 0. 0. 0. 0. 0. 0. 0. 0. 0. 0. 0.]","[0. 0. 0. 0. 0. 0. 0. 0. 0. 0. 0. 0. 0. 0. 0. 0. 0. 0. 0. 0. 0. 0. 0. 0.
 0. 0. 0. 0. 0. 0. 0. 0. 0. 0. 0. 0. 0. 0. 0. 0.]","[1.02169919 1.0293225  1.09341979 1.07161856 1.12390113 1.05006075
 1.05058885 1.01598573 1.07505107 1.05854678 1.01621747 1.03367043
 1.01219511 1.19142342 1.02319515 1.11723876 1.03096294 1.03923571
 0.9990111  1.0559113  0.99791008 1.01215541 0.99967021 1.00600815
 1.04774022 1.00091982 1.01494908 1.02517295 0.99548173 1.00392354
 1.01918328 1.07670856 1.05936098 1.29179502 0.99521911 0.98779482
 1.00069225 1.02600217 1.028234   1.02318704]",0.5,0.0
NestedUNet,False,,,True,0.1,"[1. 1. 1. 1. 1. 1. 1. 1. 1. 1. 1. 1. 1. 1. 1. 1. 1. 1. 1. 1. 0. 0. 0. 0.
 0. 0. 0. 0. 0. 0. 0. 0. 0. 0. 0. 0. 0. 0. 0. 0.]","[0. 0. 0. 0. 0. 0. 0. 0. 0. 0. 0. 0. 0. 0. 0. 0. 0. 0. 0. 0. 0. 0. 0. 0.
 0. 0. 0. 0. 0. 0. 0. 0. 0. 0. 0. 0. 0. 0. 0. 0.]","[3.02759838 3.09731913 3.06964684 3.06005454 3.05975103 3.08945751
 3.02092481 3.09243274 3.05483532 3.09427547 3.06234741 3.07255054
 3.0783031  3.10944796 3.06073952 3.0571909  3.04423189 3.0736661
 3.07547903 3.09999704 3.07210875 3.05863714 3.03566742 3.09273863
 3.0524714  3.08074117 3.06073403 3.06631947 3.04381561 3.11720085
 3.05281425 3.08976912 3.07849169 3.05176592 3.05417252 3.05886126
 3.07780957 3.09718132 3.05958676 3.09328032]",0.5,0.0
NestedUNet,True,close,3,True,0.1,"[1. 1. 1. 1. 1. 1. 1. 1. 1. 1. 1. 1. 1. 1. 1. 1. 1. 1. 1. 1. 0. 0. 0. 0.
 0. 0. 0. 0. 0. 0. 0. 0. 0. 0. 0. 0. 0. 0. 0. 0.]","[0. 0. 0. 0. 0. 0. 0. 0. 0. 0. 0. 0. 0. 0. 0. 0. 0. 0. 0. 0. 0. 0. 0. 0.
 0. 0. 0. 0. 0. 0. 0. 0. 0. 0. 0. 0. 0. 0. 0. 0.]","[2.75567579 2.6990664  2.70410633 2.75151682 2.73999214 2.72483444
 2.71271992 2.73470521 2.72057009 2.74827456 2.75266266 2.75235033
 2.7820282  2.76596665 2.70069242 2.75994062 2.74390602 2.75395441
 2.70882893 2.77718139 2.7468555  2.70549464 2.73447728 2.75918031
 2.75488424 2.75242639 2.71492815 2.72370148 2.72845793 2.74103403
 2.73145175 2.71947742 2.71607757 2.71432304 2.72913694 2.72853971
 2.71833467 2.71946979 2.73204184 2.74772263]",0.5,0.0
NestedUNet,True,open,3,True,0.1,"[1. 1. 1. 1. 1. 1. 1. 1. 1. 1. 1. 1. 1. 1. 1. 1. 1. 1. 1. 1. 0. 0. 0. 0.
 0. 0. 0. 0. 0. 0. 0. 0. 0. 0. 0. 0. 0. 0. 0. 0.]","[0. 0. 0. 0. 0. 0. 0. 0. 0. 0. 0. 0. 0. 0. 0. 0. 0. 0. 0. 0. 0. 0. 0. 0.
 0. 0. 0. 0. 0. 0. 0. 0. 0. 0. 0. 0. 0. 0. 0. 0.]","[2.98747063 3.01630878 2.98415589 3.00563622 3.06089091 3.02129602
 2.99780154 2.97597885 3.00545549 3.0335319  3.04894066 2.98808479
 3.04933739 2.98472643 3.0301919  3.0083251  3.0457356  3.02607822
 3.00112581 3.03869939 3.01072121 2.99806213 3.03042459 3.00717831
 2.97146297 3.00711703 3.03163123 3.01387715 3.04429436 3.01812005
 2.97120357 3.02784204 3.02516842 2.97034001 2.96947217 2.99495792
 3.02317691 3.03630924 3.01306319 3.03999424]",0.5,0.0
NestedUNet,True,close,3,True,200.0,"[1. 1. 1. 1. 1. 1. 1. 1. 1. 1. 1. 1. 1. 1. 1. 1. 1. 1. 1. 1. 0. 0. 0. 0.
 0. 0. 0. 0. 0. 0. 0. 0. 0. 0. 0. 0. 0. 0. 0. 0.]","[0. 0. 0. 0. 0. 0. 0. 0. 0. 0. 0. 0. 0. 0. 0. 0. 0. 0. 0. 0. 0. 0. 0. 0.
 0. 0. 0. 0. 0. 0. 0. 0. 0. 0. 0. 0. 0. 0. 0. 0.]","[1.14411652 1.23403716 1.22508919 1.16438949 1.17512965 1.0526408
 1.13839889 1.04801476 1.05023825 1.05691576 1.08965373 1.29564857
 1.05480397 1.06408572 1.03562057 1.05649114 1.07376635 1.05818295
 1.04146791 1.04093122 1.02204752 1.04206443 1.02588391 1.02546263
 1.0460099  1.03143716 1.05902398 1.0334698  1.0399282  1.08712578
 1.07044899 1.12569356 1.10224676 1.27937436 1.02904391 1.01698983
 1.03550386 1.06773746 1.06816614 1.04325199]",0.5,0.0
NestedUNet,True,close,3,True,200.0,"[1. 1. 1. 1. 1. 1. 1. 1. 1. 1. 1. 1. 1. 1. 1. 1. 1. 1. 1. 1. 0. 0. 0. 0.
 0. 0. 0. 0. 0. 0. 0. 0. 0. 0. 0. 0. 0. 0. 0. 0.]","[0. 0. 0. 0. 0. 0. 0. 0. 0. 0. 0. 0. 0. 0. 0. 0. 0. 0. 0. 0. 0. 0. 0. 0.
 0. 0. 0. 0. 0. 0. 0. 0. 0. 0. 0. 0. 0. 0. 0. 0.]","[1.0302279  1.02788615 1.06656647 1.03606462 1.08769631 1.08103228
 1.07222247 1.03299654 1.22630727 1.02545714 1.03892434 1.04745865
 1.05695915 1.03625703 1.03143501 1.12789178 1.09084821 1.08375597
 1.04414141 1.0517416  1.08357656 1.01844847 1.03139102 1.02495813
 1.02358866 1.01866198 1.01550353 1.03669763 1.0555799  1.01306367
 1.04550517 1.1124568  1.07203591 1.27775311 1.0167346  1.00856292
 1.02102447 1.06199622 1.06259286 1.05286455]",0.5,0.0
NestedUNet,True,both,3,True,0.1,"[1. 1. 1. 1. 1. 1. 1. 1. 1. 1. 1. 1. 1. 1. 1. 1. 1. 1. 1. 1. 0. 0. 0. 0.
 0. 0. 0. 0. 0. 0. 0. 0. 0. 0. 0. 0. 0. 0. 0. 0.]","[0. 0. 0. 0. 0. 0. 0. 0. 0. 0. 0. 0. 0. 0. 0. 0. 0. 0. 0. 0. 0. 0. 0. 0.
 0. 0. 0. 0. 0. 0. 0. 0. 0. 0. 0. 0. 0. 0. 0. 0.]","[3.0216167  3.05122328 3.00696588 3.02786946 3.00057554 3.14545012
 3.00048113 3.0098424  3.1179781  3.05888081 3.08630753 3.02161765
 2.96944118 2.98186564 3.07796621 3.04578114 3.02340245 2.96819067
 3.05584526 3.14512682 3.05667591 2.99494648 3.08674431 3.00646234
 3.0641911  3.02376223 3.0316534  3.13808441 3.00032806 3.04898357
 2.98761511 3.10502243 3.07891655 2.99858975 2.97761846 3.01843739
 3.07892966 3.104357   3.0340414  3.10459042]",0.5,0.0
NestedUNet,False,,,True,0.5,"[1. 1. 1. 1. 1. 1. 1. 1. 1. 1. 1. 1. 1. 1. 1. 1. 1. 1. 1. 1. 0. 0. 0. 0.
 0. 0. 0. 0. 0. 0. 0. 0. 0. 0. 0. 0. 0. 0. 0. 0.]","[0. 0. 0. 0. 0. 0. 0. 0. 0. 0. 0. 0. 0. 0. 0. 0. 0. 0. 0. 0. 0. 0. 0. 0.
 0. 0. 0. 0. 0. 0. 0. 0. 0. 0. 0. 0. 0. 0. 0. 0.]","[2.67889214 2.69424343 2.69386411 2.65384555 2.6578722  2.66970253
 2.69062877 2.66780138 2.65864611 2.65113544 2.66930389 2.65766668
 2.66711402 2.65837145 2.65940571 2.68135285 2.66624951 2.65842724
 2.68418884 2.66597676 2.63881207 2.67035484 2.67862725 2.68645954
 2.68749523 2.68067932 2.68650818 2.66014767 2.66316152 2.66086388
 2.66068125 2.67268133 2.65300822 2.68264532 2.65528488 2.67109227
 2.65102029 2.66106606 2.67535496 2.66286111]",0.5,0.0
NestedUNet,True,close,3,True,0.5,"[1. 1. 1. 1. 1. 1. 1. 1. 1. 1. 1. 1. 1. 1. 1. 1. 1. 1. 1. 1. 0. 0. 0. 0.
 0. 0. 0. 0. 0. 0. 0. 0. 0. 0. 0. 0. 0. 0. 0. 0.]","[0. 0. 0. 0. 0. 0. 0. 0. 0. 0. 0. 0. 0. 0. 0. 0. 0. 0. 0. 0. 0. 0. 0. 0.
 0. 0. 0. 0. 0. 0. 0. 0. 0. 0. 0. 0. 0. 0. 0. 0.]","[2.75542927 2.75009322 2.72225976 2.75036216 2.75687861 2.78578591
 2.77732611 2.74383998 2.75869608 2.78246951 2.79337883 2.76716685
 2.76048303 2.7500031  2.77964878 2.7621119  2.75813699 2.77445221
 2.77488875 2.76935482 2.75293589 2.76624155 2.76061654 2.75619745
 2.74128985 2.76093435 2.7723434  2.74233866 2.77328873 2.75096512
 2.77241111 2.78324151 2.77783895 2.77470756 2.75746012 2.74641848
 2.77244496 2.77144861 2.76848435 2.77156258]",0.5,0.0
NestedUNet,True,open,3,True,200.0,"[1. 1. 1. 1. 1. 1. 1. 1. 1. 1. 1. 1. 1. 1. 1. 1. 1. 1. 1. 1. 0. 0. 0. 0.
 0. 0. 0. 0. 0. 0. 0. 0. 0. 0. 0. 0. 0. 0. 0. 0.]","[0. 0. 0. 0. 0. 0. 0. 0. 0. 0. 0. 0. 0. 0. 0. 0. 0. 0. 0. 0. 0. 0. 0. 0.
 0. 0. 0. 0. 0. 0. 0. 0. 0. 0. 0. 0. 0. 0. 0. 0.]","[1.14544201 1.11110651 1.03290653 1.05346382 1.03986943 1.02601087
 1.21763813 1.02620125 1.06602097 1.07581198 1.11484957 1.03125513
 1.05082881 1.03443789 1.12729442 1.24976945 1.00972962 1.11630893
 1.01133978 1.06920362 1.01484835 1.00981343 1.01168883 1.00410628
 1.00657821 1.01557374 1.03707075 1.00120234 1.01967204 1.07071435
 1.03964305 1.10226309 1.07707477 1.39344978 0.99997365 0.99758512
 1.01310337 1.04298174 1.05013418 1.03320265]",0.5,0.0
NestedUNet,True,open,3,True,200.0,"[1. 1. 1. 1. 1. 1. 1. 1. 1. 1. 1. 1. 1. 1. 1. 1. 1. 1. 1. 1. 0. 0. 0. 0.
 0. 0. 0. 0. 0. 0. 0. 0. 0. 0. 0. 0. 0. 0. 0. 0.]","[0. 0. 0. 0. 0. 0. 0. 0. 0. 0. 0. 0. 0. 0. 0. 0. 0. 0. 0. 0. 0. 0. 0. 0.
 0. 0. 0. 0. 0. 0. 0. 0. 0. 0. 0. 0. 0. 0. 0. 0.]","[1.06561983 1.03212976 1.11967909 1.06220531 1.07603407 1.04798305
 1.02026379 1.20054066 1.04644442 1.03237557 1.22140014 1.03878939
 1.04496181 1.02104449 1.03782165 1.07772291 1.04703331 1.08210897
 1.06061006 1.11989415 1.06541741 1.02265859 1.04876411 1.01718056
 1.03400552 1.01926601 1.03096306 1.02450681 1.03686225 1.03039193
 1.04986978 1.10398388 1.08853436 1.31965435 1.02049303 1.01043618
 1.02826428 1.0476079  1.0507133  1.04456639]",0.5,0.0
NestedUNet,True,open,3,True,0.5,"[1. 1. 1. 1. 1. 1. 1. 1. 1. 1. 1. 1. 1. 1. 1. 1. 1. 1. 1. 1. 0. 0. 0. 0.
 0. 0. 0. 0. 0. 0. 0. 0. 0. 0. 0. 0. 0. 0. 0. 0.]","[0. 0. 0. 0. 0. 0. 0. 0. 0. 0. 0. 0. 0. 0. 0. 0. 0. 0. 0. 0. 0. 0. 0. 0.
 0. 0. 0. 0. 0. 0. 0. 0. 0. 0. 0. 0. 0. 0. 0. 0.]","[2.32861757 2.35034609 2.3891592  2.327353   2.30736852 2.34267592
 2.36756325 2.33355522 2.36471295 2.39126515 2.36198282 2.37432146
 2.39982176 2.33479261 2.34755397 2.381464   2.35573936 2.38479662
 2.3365202  2.37738156 2.3595078  2.31773996 2.36016965 2.36369967
 2.31809378 2.35719872 2.33008432 2.344239   2.36558771 2.35781765
 2.36855173 2.36787939 2.36008644 2.44795942 2.35163164 2.30768394
 2.3106699  2.3561182  2.3614223  2.35470819]",0.5,0.0
NestedUNet,True,both,3,True,0.5,"[1. 1. 1. 1. 1. 1. 1. 1. 1. 1. 1. 1. 1. 1. 1. 1. 1. 1. 1. 1. 0. 0. 0. 0.
 0. 0. 0. 0. 0. 0. 0. 0. 0. 0. 0. 0. 0. 0. 0. 0.]","[0. 0. 0. 0. 0. 0. 0. 0. 0. 0. 0. 0. 0. 0. 0. 0. 0. 0. 0. 0. 0. 0. 0. 0.
 0. 0. 0. 0. 0. 0. 0. 0. 0. 0. 0. 0. 0. 0. 0. 0.]","[2.73206806 2.78017616 2.68041563 2.70147753 2.68972254 2.70083332
 2.71628785 2.70031548 2.7485683  2.7735734  2.71192384 2.73096371
 2.68668938 2.72334385 2.72406197 2.75520945 2.74117565 2.7152853
 2.74876404 2.71367216 2.74679565 2.72542858 2.74945259 2.7092185
 2.70642304 2.72008991 2.73303866 2.68786287 2.73901081 2.69332361
 2.72145128 2.7093451  2.7383213  2.75091028 2.73679328 2.7532208
 2.71832681 2.70583653 2.75969505 2.72842216]",0.5,0.0
NestedUNet,False,,,True,8.0,"[1. 1. 1. 1. 1. 1. 1. 1. 1. 1. 1. 1. 1. 1. 1. 1. 1. 1. 1. 1. 0. 0. 0. 0.
 0. 0. 0. 0. 0. 0. 0. 0. 0. 0. 0. 0. 0. 0. 0. 0.]","[0. 0. 0. 0. 0. 0. 0. 0. 0. 0. 0. 0. 0. 0. 0. 0. 0. 0. 0. 0. 0. 0. 0. 0.
 0. 0. 0. 0. 0. 0. 0. 0. 0. 0. 0. 0. 0. 0. 0. 0.]","[1.49830711 1.45752501 1.52134371 1.594612   1.46654177 1.68234587
 1.50890541 1.4376471  1.63128448 1.49243951 1.52629089 1.47348213
 1.58656049 1.5709846  1.54036927 1.49908042 1.46942699 1.52872276
 1.45696664 1.52904272 1.40977859 1.47549856 1.48933697 1.43581545
 1.46192729 1.4507966  1.44774652 1.42983723 1.43556762 1.50270724
 1.48450994 1.56963992 1.51234031 1.70717335 1.44750726 1.41727304
 1.45088911 1.49614584 1.47636557 1.47797823]",0.5,0.0
NestedUNet,True,both,3,True,200.0,"[1. 1. 1. 1. 1. 1. 1. 1. 1. 1. 1. 1. 1. 1. 1. 1. 1. 1. 1. 1. 0. 0. 0. 0.
 0. 0. 0. 0. 0. 0. 0. 0. 0. 0. 0. 0. 0. 0. 0. 0.]","[0. 0. 0. 0. 0. 0. 0. 0. 0. 0. 0. 0. 0. 0. 0. 0. 0. 0. 0. 0. 0. 0. 0. 0.
 0. 0. 0. 0. 0. 0. 0. 0. 0. 0. 0. 0. 0. 0. 0. 0.]","[1.06405592 1.13748538 1.23694551 1.05698347 1.03318882 1.07809651
 1.08452058 1.05578256 1.08951473 1.16761565 1.06066823 1.04553843
 1.10136902 1.05013561 1.21969497 1.10807872 1.1337359  1.14281082
 1.09856236 1.123088   1.07050157 1.0398742  1.09036303 1.0448463
 1.04605079 1.05425966 1.0483017  1.03803623 1.0363183  1.0338378
 1.06558073 1.12506819 1.08915925 1.33198643 1.03537953 1.02143514
 1.05022085 1.06973553 1.06754827 1.07786608]",0.5,0.0
NestedUNet,True,both,3,True,200.0,"[1. 1. 1. 1. 1. 1. 1. 1. 1. 1. 1. 1. 1. 1. 1. 1. 1. 1. 1. 1. 0. 0. 0. 0.
 0. 0. 0. 0. 0. 0. 0. 0. 0. 0. 0. 0. 0. 0. 0. 0.]","[0. 0. 0. 0. 0. 0. 0. 0. 0. 0. 0. 0. 0. 0. 0. 0. 0. 0. 0. 0. 0. 0. 0. 0.
 0. 0. 0. 0. 0. 0. 0. 0. 0. 0. 0. 0. 0. 0. 0. 0.]","[1.11044633 1.07726097 1.14057958 1.14755154 1.13426161 1.10969567
 1.1425097  1.20768011 1.277565   1.11644077 1.0931499  1.08423245
 1.13233101 1.14929569 1.14667439 1.18906176 1.21036053 1.28890693
 1.16791677 1.10613763 1.10262764 1.0828414  1.08241558 1.07408071
 1.08617783 1.08891404 1.08059549 1.07638729 1.12296534 1.0661068
 1.1124928  1.17476821 1.14320993 1.39123058 1.07770407 1.05421865
 1.08111155 1.10454154 1.09665775 1.11293507]",0.5,0.0
NestedUNet,True,close,3,True,8.0,"[1. 1. 1. 1. 1. 1. 1. 1. 1. 1. 1. 1. 1. 1. 1. 1. 1. 1. 1. 1. 0. 0. 0. 0.
 0. 0. 0. 0. 0. 0. 0. 0. 0. 0. 0. 0. 0. 0. 0. 0.]","[0. 0. 0. 0. 0. 0. 0. 0. 0. 0. 0. 0. 0. 0. 0. 0. 0. 0. 0. 0. 0. 0. 0. 0.
 0. 0. 0. 0. 0. 0. 0. 0. 0. 0. 0. 0. 0. 0. 0. 0.]","[1.52373075 1.48919094 1.53445554 1.53950667 1.52765238 1.50961065
 1.51733923 1.57593811 1.55883765 1.59762192 1.49578357 1.50575495
 1.54358339 1.49523258 1.50352907 1.68690825 1.50105095 1.66621876
 1.56780422 1.56866574 1.49178016 1.49224782 1.51558042 1.50760972
 1.49197078 1.49864757 1.49039865 1.46261609 1.52665353 1.50384557
 1.51602554 1.58434463 1.53090358 1.73951936 1.48459005 1.46758962
 1.49447715 1.51509953 1.50497127 1.52381837]",0.5,0.0
NestedUNet,False,,,True,0.1,"[1. 1. 1. 1. 1. 1. 1. 1. 1. 1. 1. 1. 1. 1. 1. 1. 1. 1. 1. 1. 0. 0. 0. 0.
 0. 0. 0. 0. 0. 0. 0. 0. 0. 0. 0. 0. 0. 0. 0. 0.]","[0. 0. 0. 0. 0. 0. 0. 0. 0. 0. 0. 0. 0. 0. 0. 0. 0. 0. 0. 0. 0. 0. 0. 0.
 0. 0. 0. 0. 0. 0. 0. 0. 0. 0. 0. 0. 0. 0. 0. 0.]","[2.84231877 2.83829641 2.8246932  2.8258059  2.81845427 2.86208439
 2.85368323 2.82940936 2.82643795 2.83379745 2.84551263 2.80712843
 2.84288478 2.84167051 2.8199625  2.81939697 2.83440495 2.84587693
 2.83731174 2.84290409 2.81226349 2.85505199 2.85731339 2.81620359
 2.83314753 2.85788512 2.82757545 2.83829308 2.81030035 2.79677677
 2.83985138 2.81895518 2.79785085 2.85039854 2.83984804 2.81690383
 2.79631662 2.81187105 2.83191562 2.81149578]",0.5,0.0
NestedUNet,False,,,True,0.1,"[1. 1. 1. 1. 1. 1. 1. 1. 1. 1. 1. 1. 1. 1. 1. 1. 1. 1. 1. 1. 0. 0. 0. 0.
 0. 0. 0. 0. 0. 0. 0. 0. 0. 0. 0. 0. 0. 0. 0. 0.]","[0. 0. 0. 0. 0. 0. 0. 0. 0. 0. 0. 0. 0. 0. 0. 0. 0. 0. 0. 0. 0. 0. 0. 0.
 0. 0. 0. 0. 0. 0. 0. 0. 0. 0. 0. 0. 0. 0. 0. 0.]","[3.01950455 3.02611852 3.00521064 3.0114665  3.03055644 3.00842547
 3.00402284 3.06002092 3.01818538 3.02156687 3.00467539 3.01127887
 3.04417419 3.01381588 3.05924559 3.01003313 3.01858997 3.01559019
 3.02721596 3.02386713 3.0226326  3.03837013 3.00585461 3.02323914
 3.031497   3.02311873 3.0367384  3.01322937 3.02335858 3.04604292
 3.01165342 3.04156852 3.03269196 3.01450753 3.00602627 3.00716257
 3.02874517 3.03592634 3.00488567 3.03767443]",0.5,0.0
NestedUNet,True,open,3,True,8.0,"[1. 1. 1. 1. 1. 1. 1. 1. 1. 1. 1. 1. 1. 1. 1. 1. 1. 1. 1. 1. 0. 0. 0. 0.
 0. 0. 0. 0. 0. 0. 0. 0. 0. 0. 0. 0. 0. 0. 0. 0.]","[0. 0. 0. 0. 0. 0. 0. 0. 0. 0. 0. 0. 0. 0. 0. 0. 0. 0. 0. 0. 0. 0. 0. 0.
 0. 0. 0. 0. 0. 0. 0. 0. 0. 0. 0. 0. 0. 0. 0. 0.]","[1.44187403 1.66334939 1.47580934 1.53489995 1.54193163 1.50099421
 1.51282454 1.47180808 1.59440541 1.63747644 1.44519329 1.58581352
 1.57631469 1.49853182 1.59381998 1.45543194 1.46136105 1.46687782
 1.49661851 1.52750731 1.45356035 1.43587852 1.47698462 1.42639351
 1.48353505 1.46211767 1.50952244 1.48854983 1.49805295 1.47159481
 1.48486936 1.56342149 1.51339555 1.68526626 1.45162845 1.43216157
 1.45109284 1.50039744 1.489465   1.48567367]",0.5,0.0
NestedUNet,True,close,3,True,0.1,"[1. 1. 1. 1. 1. 1. 1. 1. 1. 1. 1. 1. 1. 1. 1. 1. 1. 1. 1. 1. 0. 0. 0. 0.
 0. 0. 0. 0. 0. 0. 0. 0. 0. 0. 0. 0. 0. 0. 0. 0.]","[0. 0. 0. 0. 0. 0. 0. 0. 0. 0. 0. 0. 0. 0. 0. 0. 0. 0. 0. 0. 0. 0. 0. 0.
 0. 0. 0. 0. 0. 0. 0. 0. 0. 0. 0. 0. 0. 0. 0. 0.]","[3.21964598 3.21551824 3.22314596 3.2002604  3.23443007 3.26104498
 3.21959305 3.2259798  3.21723628 3.22150636 3.22689414 3.23394156
 3.24074101 3.22029138 3.21181965 3.23664927 3.20440626 3.19590712
 3.23432636 3.21939135 3.22565198 3.25567555 3.25393534 3.22995234
 3.27039814 3.21990943 3.24185133 3.26174426 3.23812151 3.24045324
 3.24613476 3.20772481 3.24072051 3.24240541 3.25552511 3.25733423
 3.23099899 3.22208285 3.25016499 3.21702528]",0.5,0.0
NestedUNet,True,both,3,True,8.0,"[1. 1. 1. 1. 1. 1. 1. 1. 1. 1. 1. 1. 1. 1. 1. 1. 1. 1. 1. 1. 0. 0. 0. 0.
 0. 0. 0. 0. 0. 0. 0. 0. 0. 0. 0. 0. 0. 0. 0. 0.]","[0. 0. 0. 0. 0. 0. 0. 0. 0. 0. 0. 0. 0. 0. 0. 0. 0. 0. 0. 0. 0. 0. 0. 0.
 0. 0. 0. 0. 0. 0. 0. 0. 0. 0. 0. 0. 0. 0. 0. 0.]","[1.58714771 1.48301697 1.51248908 1.51804566 1.55023336 1.44051671
 1.55400968 1.63508558 1.50444877 1.49736524 1.46248436 1.5003221
 1.50710344 1.45580125 1.50468636 1.49688101 1.50222516 1.44957209
 1.45026159 1.5817771  1.43731153 1.40296996 1.42941952 1.47447443
 1.44650269 1.44379687 1.45696545 1.43035221 1.42677927 1.42486358
 1.474015   1.53122938 1.4881556  1.69572783 1.43166578 1.39939928
 1.43338287 1.47450113 1.44946873 1.45549691]",0.5,0.0
NestedUNet,True,close,3,True,0.1,"[1. 1. 1. 1. 1. 1. 1. 1. 1. 1. 1. 1. 1. 1. 1. 1. 1. 1. 1. 1. 0. 0. 0. 0.
 0. 0. 0. 0. 0. 0. 0. 0. 0. 0. 0. 0. 0. 0. 0. 0.]","[0. 0. 0. 0. 0. 0. 0. 0. 0. 0. 0. 0. 0. 0. 0. 0. 0. 0. 0. 0. 0. 0. 0. 0.
 0. 0. 0. 0. 0. 0. 0. 0. 0. 0. 0. 0. 0. 0. 0. 0.]","[3.48336124 3.41970611 3.44201112 3.45576644 3.44909692 3.45895672
 3.42223358 3.41813517 3.44941068 3.43532586 3.47517395 3.41756725
 3.48120618 3.40515423 3.42721725 3.41566324 3.45711017 3.42575264
 3.47158456 3.43633842 3.43063688 3.41721392 3.49675488 3.4624548
 3.45045233 3.43715334 3.46405554 3.42113256 3.4444375  3.44280601
 3.47584033 3.40605497 3.41845226 3.4187789  3.47550201 3.46862888
 3.43381882 3.41546726 3.42727947 3.41621351]",0.5,0.0
NestedUNet,False,,,False,,"[1. 1. 1. 1. 1. 1. 1. 1. 1. 1. 1. 1. 1. 1. 1. 1. 1. 1. 1. 1. 0. 0. 0. 0.
 0. 0. 0. 0. 0. 0. 0. 0. 0. 0. 0. 0. 0. 0. 0. 0.]","[1. 1. 1. 0. 0. 1. 0. 0. 1. 1. 1. 1. 1. 0. 1. 0. 0. 0. 1. 1. 0. 0. 0. 1.
 1. 0. 0. 0. 1. 0. 0. 0. 0. 0. 0. 0. 0. 0. 0. 0.]","[0.81663817 0.8042385  0.81068289 0.84197241 0.85582739 0.81359011
 0.90276241 0.85369873 0.82134205 0.81391567 0.82358658 0.82293618
 0.79576159 0.84398842 0.82090718 0.86720622 0.82916212 0.82771933
 0.81561077 0.81326628 0.84005266 0.8263585  0.83829856 0.81971747
 0.82148999 0.85307813 0.82752037 0.87277353 0.81749856 0.8540321
 0.84828299 0.87476695 0.90674287 1.00622129 0.82603157 0.8649056
 0.8551569  0.88692111 0.87927568 0.82691395]",0.725,0.6857142857142857
NestedUNet,True,open,3,True,0.1,"[1. 1. 1. 1. 1. 1. 1. 1. 1. 1. 1. 1. 1. 1. 1. 1. 1. 1. 1. 1. 0. 0. 0. 0.
 0. 0. 0. 0. 0. 0. 0. 0. 0. 0. 0. 0. 0. 0. 0. 0.]","[0. 0. 0. 0. 0. 0. 0. 0. 0. 0. 0. 0. 0. 0. 0. 0. 0. 0. 0. 0. 0. 0. 0. 0.
 0. 0. 0. 0. 0. 0. 0. 0. 0. 0. 0. 0. 0. 0. 0. 0.]","[2.87490559 2.91993332 2.89422464 2.92887259 2.87338662 2.9069829
 2.88422394 2.81766868 2.90115452 2.89526081 2.93327832 2.89784336
 2.85828948 2.85988784 2.88820624 2.84340429 2.932724   2.88051319
 2.85984206 2.8994298  2.87918735 2.91684556 2.90026569 2.9236691
 2.93152356 2.87714481 2.8547678  2.9339509  2.88032269 2.82519364
 2.90219569 2.84109282 2.85817909 2.85828686 2.89669657 2.89779472
 2.87566352 2.85332704 2.90870118 2.8803575 ]",0.5,0.0
NestedUNet,True,close,3,False,,"[1. 1. 1. 1. 1. 1. 1. 1. 1. 1. 1. 1. 1. 1. 1. 1. 1. 1. 1. 1. 0. 0. 0. 0.
 0. 0. 0. 0. 0. 0. 0. 0. 0. 0. 0. 0. 0. 0. 0. 0.]","[1. 1. 1. 1. 0. 0. 0. 0. 0. 1. 1. 0. 0. 1. 1. 0. 0. 1. 1. 1. 1. 0. 0. 1.
 1. 1. 0. 1. 0. 1. 0. 0. 0. 0. 1. 0. 0. 0. 0. 0.]","[0.82658881 0.81582069 0.80350864 0.81749725 0.87422174 0.88809764
 0.88369364 0.90128958 0.86871576 0.8202337  0.81853378 0.83924508
 0.8440029  0.80452126 0.81768954 0.83195704 0.82819659 0.81169826
 0.81629181 0.82058477 0.8192057  0.86146021 0.83673733 0.81021571
 0.80879605 0.81288618 0.83324534 0.82442558 0.83890861 0.81805587
 0.84912294 0.88157779 0.87136221 0.99450433 0.81702536 0.84039569
 0.83530861 0.91036451 0.89715374 0.82950866]",0.6,0.5789473684210527
NestedUNet,True,open,3,True,0.1,"[1. 1. 1. 1. 1. 1. 1. 1. 1. 1. 1. 1. 1. 1. 1. 1. 1. 1. 1. 1. 0. 0. 0. 0.
 0. 0. 0. 0. 0. 0. 0. 0. 0. 0. 0. 0. 0. 0. 0. 0.]","[0. 0. 0. 0. 0. 0. 0. 0. 0. 0. 0. 0. 0. 0. 0. 0. 0. 0. 0. 0. 0. 0. 0. 0.
 0. 0. 0. 0. 0. 0. 0. 0. 0. 0. 0. 0. 0. 0. 0. 0.]","[2.98181725 2.9852953  2.99599147 2.99876952 2.99874759 2.98881817
 2.98230934 2.98690128 2.94653916 3.00812197 2.9858346  3.00099945
 2.96226311 2.97380042 2.97908473 2.96928549 2.94512939 3.02833223
 2.99641156 2.96000481 2.97003126 2.96471262 2.98589826 2.99389458
 3.00844431 3.00158787 3.00723076 2.98984838 2.95938516 2.9425087
 2.98265004 2.96512675 2.97512364 3.00341368 2.99203014 2.9871769
 2.98101878 2.9544332  2.97897816 2.97624922]",0.5,0.0
NestedUNet,True,open,3,False,,"[1. 1. 1. 1. 1. 1. 1. 1. 1. 1. 1. 1. 1. 1. 1. 1. 1. 1. 1. 1. 0. 0. 0. 0.
 0. 0. 0. 0. 0. 0. 0. 0. 0. 0. 0. 0. 0. 0. 0. 0.]","[1. 1. 0. 1. 1. 1. 1. 0. 1. 0. 0. 1. 1. 0. 1. 1. 1. 1. 0. 1. 1. 1. 1. 0.
 1. 0. 1. 1. 0. 1. 0. 0. 0. 0. 1. 0. 0. 0. 0. 1.]","[0.81616658 0.80882967 0.90896177 0.8205781  0.8176502  0.82449603
 0.80452836 0.86392844 0.806508   0.86002809 0.83779126 0.81641465
 0.82504028 0.87859547 0.82136613 0.82772285 0.8153339  0.81996429
 0.84278327 0.80927879 0.82720041 0.82007563 0.81060165 0.87014776
 0.83324766 0.8858363  0.83420229 0.81600016 0.88489234 0.81934774
 0.85851359 0.88090187 0.91037887 1.00973618 0.81909245 0.8437705
 0.85004997 0.86699641 0.8532024  0.82354957]",0.625,0.6511627906976745
NestedUNet,True,both,3,False,,"[1. 1. 1. 1. 1. 1. 1. 1. 1. 1. 1. 1. 1. 1. 1. 1. 1. 1. 1. 1. 0. 0. 0. 0.
 0. 0. 0. 0. 0. 0. 0. 0. 0. 0. 0. 0. 0. 0. 0. 0.]","[1. 1. 1. 1. 1. 1. 1. 1. 0. 1. 1. 1. 1. 1. 1. 1. 1. 1. 1. 1. 0. 1. 1. 1.
 1. 1. 1. 1. 1. 1. 1. 0. 0. 0. 1. 1. 1. 0. 0. 1.]","[0.82513827 0.81611162 0.81957442 0.853154   0.85163414 0.82556045
 0.83110726 0.80773872 0.87180328 0.80867326 0.84603649 0.80220538
 0.82074159 0.80971408 0.8192662  0.80523592 0.83161712 0.82177806
 0.81552994 0.84033829 0.87084579 0.83218217 0.83599514 0.832798
 0.84478116 0.83852315 0.86605334 0.85336447 0.82294136 0.83458132
 0.86178547 0.89183778 0.90464115 1.14869928 0.83553523 0.8652643
 0.85880721 0.89383078 0.89504451 0.84099787]",0.625,0.7169811320754716
NestedUNet,True,both,3,True,0.1,"[1. 1. 1. 1. 1. 1. 1. 1. 1. 1. 1. 1. 1. 1. 1. 1. 1. 1. 1. 1. 0. 0. 0. 0.
 0. 0. 0. 0. 0. 0. 0. 0. 0. 0. 0. 0. 0. 0. 0. 0.]","[0. 0. 0. 0. 0. 0. 0. 0. 0. 0. 0. 0. 0. 0. 0. 0. 0. 0. 0. 0. 0. 0. 0. 0.
 0. 0. 0. 0. 0. 0. 0. 0. 0. 0. 0. 0. 0. 0. 0. 0.]","[3.17460775 3.14961076 3.1625011  3.16473103 3.16240835 3.14597178
 3.1528461  3.16470599 3.15381384 3.16398907 3.15812087 3.15788341
 3.151896   3.1623702  3.16888905 3.17330003 3.16382813 3.14184046
 3.1430521  3.15077734 3.1539166  3.15802598 3.1692698  3.14269042
 3.17589331 3.16436076 3.1602695  3.14561677 3.17491579 3.15210748
 3.16280532 3.16158128 3.13875055 3.16423678 3.16453266 3.17012978
 3.14032364 3.15189648 3.16991353 3.13230777]",0.5,0.0
NestedUNet,True,both,3,True,0.1,"[1. 1. 1. 1. 1. 1. 1. 1. 1. 1. 1. 1. 1. 1. 1. 1. 1. 1. 1. 1. 0. 0. 0. 0.
 0. 0. 0. 0. 0. 0. 0. 0. 0. 0. 0. 0. 0. 0. 0. 0.]","[0. 0. 0. 0. 0. 0. 0. 0. 0. 0. 0. 0. 0. 0. 0. 0. 0. 0. 0. 0. 0. 0. 0. 0.
 0. 0. 0. 0. 0. 0. 0. 0. 0. 0. 0. 0. 0. 0. 0. 0.]","[3.14282656 3.18793178 3.1532383  3.19031549 3.17225933 3.17649746
 3.17411423 3.17455769 3.15400553 3.14888239 3.16181087 3.1329596
 3.20854449 3.17204523 3.15388656 3.14870787 3.19120669 3.15138483
 3.14865613 3.15993595 3.17110634 3.19945431 3.17154408 3.16031957
 3.16549611 3.19998837 3.18239617 3.17714071 3.18746161 3.19887853
 3.15754557 3.176301   3.15690327 3.12285876 3.17905164 3.18322086
 3.17048645 3.17501116 3.16837025 3.17781496]",0.5,0.0
NestedUNet,False,,,False,,"[1. 1. 1. 1. 1. 1. 1. 1. 1. 1. 1. 1. 1. 1. 1. 1. 1. 1. 1. 1. 0. 0. 0. 0.
 0. 0. 0. 0. 0. 0. 0. 0. 0. 0. 0. 0. 0. 0. 0. 0.]","[1. 1. 1. 1. 1. 1. 1. 1. 1. 1. 1. 1. 1. 1. 1. 1. 1. 1. 1. 1. 1. 1. 1. 1.
 1. 1. 1. 1. 1. 1. 1. 1. 1. 0. 1. 1. 1. 1. 1. 1.]","[0.88429016 0.83906233 0.83101517 0.83122754 0.83223057 0.82636189
 0.80644852 0.8249625  0.83105642 0.82285601 0.83974695 0.84834826
 0.86232942 0.91176188 0.80969781 0.87773579 0.85404134 0.82014149
 0.82023335 0.83818144 0.82237434 0.83790809 0.86159718 0.87083519
 0.82725507 0.81659001 0.82494283 0.81810206 0.82365644 0.83670086
 0.85452676 0.87642288 0.87923121 1.01496339 0.82676935 0.85184211
 0.85166532 0.88517702 0.87574792 0.82599401]",0.525,0.6779661016949152
NestedUNet,True,close,3,False,,"[1. 1. 1. 1. 1. 1. 1. 1. 1. 1. 1. 1. 1. 1. 1. 1. 1. 1. 1. 1. 0. 0. 0. 0.
 0. 0. 0. 0. 0. 0. 0. 0. 0. 0. 0. 0. 0. 0. 0. 0.]","[1. 1. 1. 1. 1. 1. 1. 0. 1. 0. 0. 1. 1. 0. 0. 1. 1. 1. 1. 0. 0. 0. 0. 0.
 0. 0. 0. 0. 0. 1. 0. 0. 0. 0. 0. 0. 0. 0. 0. 0.]","[0.80485421 0.7829808  0.81196165 0.80025697 0.80636388 0.80963582
 0.79875606 0.84128314 0.80379075 0.8363111  0.82087588 0.81272817
 0.79935467 0.84639925 0.82532066 0.80186206 0.79981863 0.78820211
 0.80224711 0.83161581 0.85403109 0.86270684 0.85645843 0.85500914
 0.82472479 0.8163116  0.8151176  0.81568652 0.83654404 0.81129718
 0.84821796 0.87938631 0.89983165 0.95028466 0.82903194 0.85982406
 0.85333645 0.88225001 0.87717408 0.82944256]",0.825,0.8
NestedUNet,False,,,True,0.5,"[1. 1. 1. 1. 1. 1. 1. 1. 1. 1. 1. 1. 1. 1. 1. 1. 1. 1. 1. 1. 0. 0. 0. 0.
 0. 0. 0. 0. 0. 0. 0. 0. 0. 0. 0. 0. 0. 0. 0. 0.]","[0. 0. 0. 0. 0. 0. 0. 0. 0. 0. 0. 0. 0. 0. 0. 0. 0. 0. 0. 0. 0. 0. 0. 0.
 0. 0. 0. 0. 0. 0. 0. 0. 0. 0. 0. 0. 0. 0. 0. 0.]","[2.79122996 2.81434011 2.78736353 2.78358984 2.79661298 2.79350376
 2.78558779 2.78822947 2.78992343 2.77057099 2.81212425 2.80917025
 2.77960134 2.8152504  2.82694364 2.79012656 2.83438802 2.82115555
 2.83704758 2.7927618  2.80776787 2.80114555 2.7899518  2.80406332
 2.77640629 2.83219004 2.8001256  2.81031847 2.79349279 2.78016305
 2.79665446 2.80840826 2.8189671  2.80311108 2.78518033 2.78902864
 2.82190418 2.81628466 2.7738297  2.80143023]",0.5,0.0
NestedUNet,False,,,True,0.5,"[1. 1. 1. 1. 1. 1. 1. 1. 1. 1. 1. 1. 1. 1. 1. 1. 1. 1. 1. 1. 0. 0. 0. 0.
 0. 0. 0. 0. 0. 0. 0. 0. 0. 0. 0. 0. 0. 0. 0. 0.]","[0. 0. 0. 0. 0. 0. 0. 0. 0. 0. 0. 0. 0. 0. 0. 0. 0. 0. 0. 0. 0. 0. 0. 0.
 0. 0. 0. 0. 0. 0. 0. 0. 0. 0. 0. 0. 0. 0. 0. 0.]","[2.81383944 2.82118797 2.81718087 2.81509542 2.86236167 2.83055353
 2.8739531  2.84804726 2.77437854 2.81695986 2.79884243 2.83641529
 2.81819153 2.84081125 2.82321596 2.82245445 2.83450603 2.8056426
 2.83940053 2.84734273 2.83079815 2.81209016 2.79546309 2.85798788
 2.84709644 2.83467913 2.81140351 2.85367227 2.83174539 2.84147835
 2.81507063 2.80695963 2.80706167 2.81251979 2.81200266 2.80115938
 2.81053305 2.79738808 2.78816795 2.82757425]",0.5,0.0
NestedUNet,True,open,3,False,,"[1. 1. 1. 1. 1. 1. 1. 1. 1. 1. 1. 1. 1. 1. 1. 1. 1. 1. 1. 1. 0. 0. 0. 0.
 0. 0. 0. 0. 0. 0. 0. 0. 0. 0. 0. 0. 0. 0. 0. 0.]","[1. 0. 0. 0. 1. 1. 1. 1. 1. 1. 1. 1. 1. 1. 0. 0. 0. 1. 1. 1. 1. 0. 1. 1.
 0. 0. 1. 1. 0. 1. 0. 0. 0. 0. 1. 0. 0. 0. 0. 1.]","[0.8124429  0.84596717 0.85692489 0.91762155 0.82495892 0.81178427
 0.82149154 0.82286698 0.81954539 0.82097197 0.82718927 0.81867987
 0.81387496 0.80459255 0.84788132 0.8625797  0.88493657 0.82324964
 0.82818437 0.81674135 0.81989372 0.87615627 0.82774657 0.82776392
 0.86117601 0.84950715 0.83733571 0.81290317 0.8449719  0.83536541
 0.84816992 0.87153345 0.8696509  1.00299478 0.8364166  0.84910917
 0.84834003 0.85642147 0.87875456 0.82951713]",0.65,0.6666666666666666
NestedUNet,True,both,3,False,,"[1. 1. 1. 1. 1. 1. 1. 1. 1. 1. 1. 1. 1. 1. 1. 1. 1. 1. 1. 1. 0. 0. 0. 0.
 0. 0. 0. 0. 0. 0. 0. 0. 0. 0. 0. 0. 0. 0. 0. 0.]","[1. 1. 1. 1. 1. 0. 1. 1. 0. 1. 0. 1. 0. 1. 0. 1. 1. 1. 0. 1. 1. 1. 0. 0.
 1. 0. 0. 1. 1. 1. 0. 0. 0. 0. 1. 1. 0. 0. 0. 1.]","[0.83251119 0.83584619 0.82742226 0.8370198  0.80266923 0.88410306
 0.82277638 0.82772851 0.85234141 0.8174262  0.92509842 0.82302642
 0.85437292 0.80603713 0.86200631 0.82274055 0.83370316 0.82360005
 0.86551088 0.82424194 0.82369041 0.82569611 0.8547222  0.86288059
 0.81156594 0.84820497 0.85223818 0.82225657 0.81529647 0.8155731
 0.85325676 0.87239027 0.89664412 0.92526317 0.82251036 0.83999324
 0.84487307 0.8623569  0.85499734 0.82154316]",0.625,0.6511627906976745
NestedUNet,True,close,3,True,0.5,"[1. 1. 1. 1. 1. 1. 1. 1. 1. 1. 1. 1. 1. 1. 1. 1. 1. 1. 1. 1. 0. 0. 0. 0.
 0. 0. 0. 0. 0. 0. 0. 0. 0. 0. 0. 0. 0. 0. 0. 0.]","[0. 0. 0. 0. 0. 0. 0. 0. 0. 0. 0. 0. 0. 0. 0. 0. 0. 0. 0. 0. 0. 0. 0. 0.
 0. 0. 0. 0. 0. 0. 0. 0. 0. 0. 0. 0. 0. 0. 0. 0.]","[3.11589074 3.12737679 3.12442732 3.10747123 3.11536622 3.12482023
 3.13670444 3.1387825  3.13855791 3.12141681 3.10996199 3.1283555
 3.1626668  3.1109705  3.12331581 3.11889172 3.09992671 3.11085176
 3.11205029 3.1375072  3.12824345 3.12216568 3.1300478  3.14201522
 3.13069797 3.13421059 3.15092039 3.11004901 3.12665057 3.12010217
 3.11294889 3.11208582 3.1423378  3.10115743 3.10637164 3.12784576
 3.1407454  3.12392044 3.10757113 3.13688827]",0.5,0.0
NestedUNet,True,close,3,True,0.5,"[1. 1. 1. 1. 1. 1. 1. 1. 1. 1. 1. 1. 1. 1. 1. 1. 1. 1. 1. 1. 0. 0. 0. 0.
 0. 0. 0. 0. 0. 0. 0. 0. 0. 0. 0. 0. 0. 0. 0. 0.]","[0. 0. 0. 0. 0. 0. 0. 0. 0. 0. 0. 0. 0. 0. 0. 0. 0. 0. 0. 0. 0. 0. 0. 0.
 0. 0. 0. 0. 0. 0. 0. 0. 0. 0. 0. 0. 0. 0. 0. 0.]","[2.63249874 2.61641526 2.63935804 2.62249494 2.63110805 2.68054867
 2.65052605 2.63646984 2.6255815  2.61698341 2.6382575  2.65357184
 2.66729403 2.64215612 2.61367297 2.62155986 2.66097641 2.64055014
 2.66173053 2.62599373 2.60973454 2.62091923 2.64450645 2.61168242
 2.62780786 2.635185   2.62319517 2.62439394 2.62079716 2.61913109
 2.64507127 2.62388635 2.62771535 2.68185329 2.62768579 2.60519886
 2.6116817  2.61968112 2.627985   2.61501074]",0.5,0.0
NestedUNet,False,,,False,,"[1. 1. 1. 1. 1. 1. 1. 1. 1. 1. 1. 1. 1. 1. 1. 1. 1. 1. 1. 1. 0. 0. 0. 0.
 0. 0. 0. 0. 0. 0. 0. 0. 0. 0. 0. 0. 0. 0. 0. 0.]","[1. 1. 1. 1. 1. 1. 1. 1. 1. 1. 1. 1. 1. 1. 1. 1. 0. 1. 1. 0. 1. 0. 1. 1.
 1. 1. 1. 1. 1. 1. 1. 0. 0. 0. 1. 1. 1. 0. 0. 1.]","[0.81862074 0.8154453  0.80769718 0.82814914 0.80600482 0.85166347
 0.81595445 0.80343741 0.81638712 0.82958251 0.83692414 0.85480678
 0.82293367 0.81386459 0.81465304 0.81997824 0.87513822 0.81432861
 0.82276469 0.87665945 0.82966113 0.87988389 0.83760732 0.83026928
 0.82169455 0.86214703 0.84533894 0.82298285 0.84341365 0.83145422
 0.8554433  0.89066261 0.89537513 0.98818314 0.82760549 0.85322368
 0.85032219 0.87456763 0.89355892 0.83449149]",0.6,0.6923076923076923
NestedUNet,True,close,3,False,,"[1. 1. 1. 1. 1. 1. 1. 1. 1. 1. 1. 1. 1. 1. 1. 1. 1. 1. 1. 1. 0. 0. 0. 0.
 0. 0. 0. 0. 0. 0. 0. 0. 0. 0. 0. 0. 0. 0. 0. 0.]","[0. 0. 0. 1. 0. 0. 0. 0. 0. 0. 0. 0. 0. 0. 1. 0. 1. 0. 1. 0. 0. 0. 0. 0.
 0. 1. 0. 0. 1. 0. 0. 0. 0. 0. 0. 0. 0. 0. 0. 0.]","[0.83854842 0.97820157 0.83619803 0.81774908 0.85538864 0.85506827
 0.8570441  0.87126601 0.89288509 0.92572761 0.88523817 0.83016592
 0.82635057 0.88714445 0.82076383 0.84582055 0.82211989 0.87436152
 0.82160926 0.85836971 0.86375505 0.83784807 0.86139399 0.85147363
 0.82464409 0.82009137 0.82726914 0.86871576 0.81435019 0.86409044
 0.84389508 0.88045442 0.90113604 1.1774075  0.82668239 0.84998155
 0.84764588 0.86545825 0.86476791 0.83565927]",0.55,0.3076923076923077
NestedUNet,True,open,3,True,0.5,"[1. 1. 1. 1. 1. 1. 1. 1. 1. 1. 1. 1. 1. 1. 1. 1. 1. 1. 1. 1. 0. 0. 0. 0.
 0. 0. 0. 0. 0. 0. 0. 0. 0. 0. 0. 0. 0. 0. 0. 0.]","[0. 0. 0. 0. 0. 0. 0. 0. 0. 0. 0. 0. 0. 0. 0. 0. 0. 0. 0. 0. 0. 0. 0. 0.
 0. 0. 0. 0. 0. 0. 0. 0. 0. 0. 0. 0. 0. 0. 0. 0.]","[2.75373173 2.74935651 2.76010752 2.75361109 2.74060178 2.74576283
 2.7244029  2.75411415 2.7355125  2.76364946 2.75959158 2.73216748
 2.74309921 2.76488853 2.74168396 2.75496626 2.72442198 2.72054863
 2.72515845 2.73788071 2.72059965 2.74622631 2.74850798 2.717592
 2.76397562 2.74052811 2.73585534 2.73712134 2.74658108 2.75966358
 2.73638058 2.76354647 2.7503283  2.75490427 2.74080038 2.72688842
 2.73880959 2.74201274 2.74586105 2.75503922]",0.5,0.0
NestedUNet,True,open,3,False,,"[1. 1. 1. 1. 1. 1. 1. 1. 1. 1. 1. 1. 1. 1. 1. 1. 1. 1. 1. 1. 0. 0. 0. 0.
 0. 0. 0. 0. 0. 0. 0. 0. 0. 0. 0. 0. 0. 0. 0. 0.]","[0. 1. 0. 0. 1. 1. 0. 1. 0. 1. 1. 0. 0. 1. 1. 0. 1. 1. 0. 0. 1. 0. 0. 0.
 0. 1. 1. 0. 0. 0. 0. 0. 0. 0. 0. 0. 0. 0. 0. 0.]","[0.84860343 0.81621134 0.89966869 0.85560733 0.81386203 0.81443715
 0.86645108 0.81910062 0.84472716 0.8268913  0.8187542  0.83466053
 0.84131628 0.82363546 0.81885105 0.85242951 0.82003605 0.81392157
 0.83468717 0.83886504 0.82772571 0.83563364 0.83548474 0.86986792
 0.90515256 0.82378882 0.82660681 0.83624476 0.86920351 0.87071395
 0.85512251 0.87688547 0.88480723 1.02095759 0.84369749 0.86015928
 0.85861957 0.88580602 0.88307106 0.84912193]",0.675,0.6060606060606061
NestedUNet,True,open,3,True,0.5,"[1. 1. 1. 1. 1. 1. 1. 1. 1. 1. 1. 1. 1. 1. 1. 1. 1. 1. 1. 1. 0. 0. 0. 0.
 0. 0. 0. 0. 0. 0. 0. 0. 0. 0. 0. 0. 0. 0. 0. 0.]","[0. 0. 0. 0. 0. 0. 0. 0. 0. 0. 0. 0. 0. 0. 0. 0. 0. 0. 0. 0. 0. 0. 0. 0.
 0. 0. 0. 0. 0. 0. 0. 0. 0. 0. 0. 0. 0. 0. 0. 0.]","[2.7105093  2.73778796 2.65626502 2.70923972 2.75346494 2.7115202
 2.72781181 2.73099685 2.75540066 2.6995666  2.66482711 2.6981616
 2.69739151 2.71515775 2.72891808 2.68901134 2.74663305 2.69461155
 2.69165015 2.66138411 2.70843863 2.73202777 2.70801759 2.69442081
 2.70916414 2.71254945 2.71282649 2.71589851 2.65949297 2.70021915
 2.74273777 2.70810604 2.71272969 2.77730894 2.74457097 2.71883202
 2.70301461 2.69179678 2.7225585  2.69073176]",0.5,0.0
NestedUNet,True,both,3,False,,"[1. 1. 1. 1. 1. 1. 1. 1. 1. 1. 1. 1. 1. 1. 1. 1. 1. 1. 1. 1. 0. 0. 0. 0.
 0. 0. 0. 0. 0. 0. 0. 0. 0. 0. 0. 0. 0. 0. 0. 0.]","[0. 1. 1. 0. 1. 1. 0. 0. 0. 1. 1. 1. 1. 0. 1. 1. 1. 0. 0. 1. 1. 0. 1. 1.
 1. 0. 1. 0. 0. 1. 0. 0. 0. 0. 1. 0. 0. 0. 0. 1.]","[0.87448645 0.82610214 0.81187898 0.83958757 0.8204484  0.80946672
 0.83815646 0.86197418 0.88828695 0.79998899 0.82147211 0.80975765
 0.80770743 0.84696501 0.8162989  0.82801521 0.80305326 0.86892283
 0.84706038 0.81812358 0.8104288  0.85796028 0.81289726 0.82238626
 0.82238293 0.83819979 0.82976049 0.85965127 0.86181355 0.82863998
 0.845581   0.86819005 0.88346815 0.91345304 0.82731169 0.8498382
 0.84315884 0.86173689 0.88603812 0.82068765]",0.6,0.6
NestedUNet,True,both,3,True,0.5,"[1. 1. 1. 1. 1. 1. 1. 1. 1. 1. 1. 1. 1. 1. 1. 1. 1. 1. 1. 1. 0. 0. 0. 0.
 0. 0. 0. 0. 0. 0. 0. 0. 0. 0. 0. 0. 0. 0. 0. 0.]","[0. 0. 0. 0. 0. 0. 0. 0. 0. 0. 0. 0. 0. 0. 0. 0. 0. 0. 0. 0. 0. 0. 0. 0.
 0. 0. 0. 0. 0. 0. 0. 0. 0. 0. 0. 0. 0. 0. 0. 0.]","[2.69864368 2.71288538 2.69753957 2.69197989 2.68566751 2.67581511
 2.69798732 2.71997309 2.70866132 2.68039823 2.73427534 2.69907546
 2.66726398 2.73096275 2.68796372 2.73943591 2.7091012  2.69009805
 2.69820046 2.68208218 2.6862874  2.68469429 2.68630266 2.71910095
 2.7032671  2.72815776 2.7060802  2.6787672  2.68942547 2.70295763
 2.71392894 2.72112489 2.72245455 2.75684977 2.70948982 2.69540429
 2.71069288 2.7071352  2.70252323 2.72559357]",0.5,0.0
NestedUNet,False,,,False,,"[1. 1. 1. 1. 1. 1. 1. 1. 1. 1. 1. 1. 1. 1. 1. 1. 1. 1. 1. 1. 0. 0. 0. 0.
 0. 0. 0. 0. 0. 0. 0. 0. 0. 0. 0. 0. 0. 0. 0. 0.]","[1. 1. 1. 1. 1. 1. 1. 1. 1. 1. 0. 1. 1. 0. 1. 1. 1. 1. 0. 1. 0. 1. 1. 0.
 0. 1. 1. 0. 1. 1. 0. 0. 0. 0. 1. 0. 0. 0. 0. 1.]","[0.82644844 0.79254252 0.81025004 0.79581207 0.80523962 0.80307776
 0.81530529 0.81104231 0.80372047 0.81923383 0.84494054 0.81463617
 0.803321   0.85766876 0.81205237 0.81583232 0.80530584 0.81152868
 0.85052478 0.83264703 0.8693397  0.81250775 0.82704902 0.84582824
 0.86003387 0.82509738 0.82238024 0.869174   0.81988442 0.82577503
 0.85183263 0.88920844 0.92484295 1.00885153 0.82769114 0.87633079
 0.86496985 0.91306382 0.91116542 0.82871425]",0.725,0.7555555555555555
NestedUNet,True,both,3,True,0.5,"[1. 1. 1. 1. 1. 1. 1. 1. 1. 1. 1. 1. 1. 1. 1. 1. 1. 1. 1. 1. 0. 0. 0. 0.
 0. 0. 0. 0. 0. 0. 0. 0. 0. 0. 0. 0. 0. 0. 0. 0.]","[0. 0. 0. 0. 0. 0. 0. 0. 0. 0. 0. 0. 0. 0. 0. 0. 0. 0. 0. 0. 0. 0. 0. 0.
 0. 0. 0. 0. 0. 0. 0. 0. 0. 0. 0. 0. 0. 0. 0. 0.]","[2.69755602 2.68673849 2.67955208 2.67835903 2.72414827 2.67390752
 2.70084739 2.7334013  2.68859792 2.68248653 2.70547462 2.6798408
 2.69036078 2.6682384  2.71506023 2.7852335  2.67937255 2.65437889
 2.70817804 2.68440104 2.67560005 2.70262861 2.68379736 2.72852612
 2.66833162 2.67630577 2.668432   2.67842174 2.65293264 2.69590282
 2.67121124 2.71398473 2.69467282 2.68593383 2.67585206 2.68224311
 2.6965065  2.70802951 2.67424822 2.69656515]",0.5,0.0
NestedUNet,True,close,3,False,,"[1. 1. 1. 1. 1. 1. 1. 1. 1. 1. 1. 1. 1. 1. 1. 1. 1. 1. 1. 1. 0. 0. 0. 0.
 0. 0. 0. 0. 0. 0. 0. 0. 0. 0. 0. 0. 0. 0. 0. 0.]","[1. 1. 1. 1. 1. 1. 1. 1. 0. 1. 1. 1. 1. 0. 1. 1. 1. 0. 1. 1. 0. 0. 0. 0.
 0. 1. 0. 0. 0. 0. 0. 0. 0. 0. 0. 0. 0. 0. 0. 0.]","[0.8096481  0.80863369 0.79847836 0.79594648 0.80108237 0.80348259
 0.78825462 0.78784084 0.8399229  0.81141454 0.79338324 0.79239511
 0.7979269  0.82830191 0.81202352 0.79098916 0.80384839 0.83499688
 0.80223513 0.80143654 0.82619435 0.82707924 0.84281874 0.87355816
 0.86407542 0.82362306 0.8767032  0.88226593 0.82840765 0.85013646
 0.86559457 0.93341756 0.9287678  1.05341911 0.8294602  0.87252057
 0.87327158 0.87315583 0.87234104 0.83930469]",0.9,0.8947368421052632
NestedUNet,True,open,3,False,,"[1. 1. 1. 1. 1. 1. 1. 1. 1. 1. 1. 1. 1. 1. 1. 1. 1. 1. 1. 1. 0. 0. 0. 0.
 0. 0. 0. 0. 0. 0. 0. 0. 0. 0. 0. 0. 0. 0. 0. 0.]","[1. 1. 0. 1. 1. 0. 0. 1. 1. 1. 0. 0. 0. 0. 0. 0. 0. 0. 0. 0. 0. 0. 1. 1.
 0. 0. 0. 0. 1. 0. 0. 0. 0. 0. 0. 0. 0. 0. 0. 0.]","[0.82012159 0.82158804 0.82749146 0.82156515 0.81960076 0.91657984
 0.84440875 0.80526811 0.8216365  0.8196494  0.87013364 0.82978356
 0.82975179 0.85583293 0.83389372 0.82766527 0.87084877 0.8332302
 0.82268345 0.88754451 0.84128857 0.8563019  0.82080233 0.82125878
 0.8357386  0.83605391 0.83606285 0.82496184 0.8168577  0.85658115
 0.85280949 0.86916262 0.88358957 0.96379852 0.82672733 0.83884174
 0.84427261 0.87701148 0.86014134 0.8316263 ]",0.6,0.4666666666666667
NestedUNet,False,,,True,8.0,"[1. 1. 1. 1. 1. 1. 1. 1. 1. 1. 1. 1. 1. 1. 1. 1. 1. 1. 1. 1. 0. 0. 0. 0.
 0. 0. 0. 0. 0. 0. 0. 0. 0. 0. 0. 0. 0. 0. 0. 0.]","[0. 0. 0. 0. 0. 0. 0. 0. 0. 0. 0. 0. 0. 0. 0. 0. 0. 0. 0. 0. 0. 0. 0. 0.
 0. 0. 0. 0. 0. 0. 0. 0. 0. 0. 0. 0. 0. 0. 0. 0.]","[1.47271132 1.58057475 1.617275   1.44353902 1.64406466 1.45732379
 1.44262242 1.51245391 1.43985486 1.59452653 1.62585044 1.53697872
 1.45962954 1.56959581 1.52491522 1.52954555 1.54442322 1.46842515
 1.51480389 1.5328269  1.41384828 1.45759392 1.45647621 1.43704903
 1.47953093 1.44826174 1.46338999 1.4401269  1.43508172 1.472579
 1.48207664 1.54981506 1.4983089  1.69841671 1.44831216 1.42260385
 1.44468832 1.48241115 1.47305202 1.48160076]",0.5,0.0
NestedUNet,False,,,True,8.0,"[1. 1. 1. 1. 1. 1. 1. 1. 1. 1. 1. 1. 1. 1. 1. 1. 1. 1. 1. 1. 0. 0. 0. 0.
 0. 0. 0. 0. 0. 0. 0. 0. 0. 0. 0. 0. 0. 0. 0. 0.]","[0. 0. 0. 0. 0. 0. 0. 0. 0. 0. 0. 0. 0. 0. 0. 0. 0. 0. 0. 0. 0. 0. 0. 0.
 0. 0. 0. 0. 0. 0. 0. 0. 0. 0. 0. 0. 0. 0. 0. 0.]","[1.5697279  1.54180384 1.57418609 1.62183642 1.59843946 1.57339406
 1.63417625 1.5233953  1.54721737 1.68110371 1.55289793 1.53642046
 1.5411644  1.58602118 1.58907127 1.59000134 1.63365483 1.53253627
 1.52466083 1.57164717 1.50861144 1.50664616 1.50478435 1.5392704
 1.57528257 1.51757693 1.54026604 1.50709343 1.51244974 1.57128906
 1.56235456 1.61263752 1.5722878  1.75567293 1.53608251 1.50067234
 1.52445173 1.56984127 1.54586196 1.54123831]",0.5,0.0
NestedUNet,True,both,3,False,,"[1. 1. 1. 1. 1. 1. 1. 1. 1. 1. 1. 1. 1. 1. 1. 1. 1. 1. 1. 1. 0. 0. 0. 0.
 0. 0. 0. 0. 0. 0. 0. 0. 0. 0. 0. 0. 0. 0. 0. 0.]","[1. 0. 1. 1. 1. 1. 0. 0. 0. 1. 1. 1. 0. 0. 1. 1. 0. 1. 1. 1. 0. 1. 1. 1.
 0. 1. 0. 0. 1. 0. 0. 0. 0. 0. 1. 0. 0. 0. 0. 1.]","[0.821087   0.84860986 0.79859817 0.82693458 0.8138051  0.8078469
 0.83093774 0.84814674 0.85509014 0.8216145  0.81035054 0.8101688
 0.87231743 0.83328313 0.82265192 0.81425482 0.88829207 0.81970996
 0.81986302 0.81049442 0.82889056 0.82192653 0.82196766 0.81367815
 0.85790056 0.82227236 0.84259295 0.85680294 0.82259184 0.84211874
 0.84328043 0.87262392 0.90251517 0.96877867 0.82522309 0.85121614
 0.85995269 0.88222092 0.8716076  0.82093704]",0.65,0.65
NestedUNet,True,close,3,True,8.0,"[1. 1. 1. 1. 1. 1. 1. 1. 1. 1. 1. 1. 1. 1. 1. 1. 1. 1. 1. 1. 0. 0. 0. 0.
 0. 0. 0. 0. 0. 0. 0. 0. 0. 0. 0. 0. 0. 0. 0. 0.]","[0. 0. 0. 0. 0. 0. 0. 0. 0. 0. 0. 0. 0. 0. 0. 0. 0. 0. 0. 0. 0. 0. 0. 0.
 0. 0. 0. 0. 0. 0. 0. 0. 0. 0. 0. 0. 0. 0. 0. 0.]","[1.65117407 1.58428478 1.68785608 1.513188   1.54829204 1.58676875
 1.58598566 1.52550507 1.52945518 1.57219458 1.55826664 1.55714905
 1.71163619 1.53743315 1.5658474  1.52538836 1.53435445 1.64599681
 1.58442342 1.59061801 1.50056195 1.51113105 1.53702676 1.5070672
 1.52129972 1.56146693 1.53090262 1.52345157 1.54251528 1.55346251
 1.55084896 1.62015069 1.57309103 1.73320532 1.52171063 1.4940877
 1.51846063 1.55940747 1.5465076  1.54374969]",0.5,0.0
NestedUNet,True,close,3,True,8.0,"[1. 1. 1. 1. 1. 1. 1. 1. 1. 1. 1. 1. 1. 1. 1. 1. 1. 1. 1. 1. 0. 0. 0. 0.
 0. 0. 0. 0. 0. 0. 0. 0. 0. 0. 0. 0. 0. 0. 0. 0.]","[0. 0. 0. 0. 0. 0. 0. 0. 0. 0. 0. 0. 0. 0. 0. 0. 0. 0. 0. 0. 0. 0. 0. 0.
 0. 0. 0. 0. 0. 0. 0. 0. 0. 0. 0. 0. 0. 0. 0. 0.]","[1.43357706 1.43322265 1.42969394 1.49569106 1.62056649 1.43759537
 1.43805122 1.47412956 1.57642937 1.4196825  1.54322362 1.47165108
 1.53509486 1.41605234 1.42203069 1.49391603 1.60158253 1.46688712
 1.41621649 1.42114639 1.43902278 1.41983652 1.4547379  1.37985158
 1.42954373 1.40824223 1.42765129 1.41807544 1.43490553 1.40350878
 1.4460876  1.50462532 1.45003462 1.68209195 1.41184568 1.3843509
 1.40483665 1.4352119  1.43729067 1.44077563]",0.5,0.0
NestedUNet,True,open,3,True,8.0,"[1. 1. 1. 1. 1. 1. 1. 1. 1. 1. 1. 1. 1. 1. 1. 1. 1. 1. 1. 1. 0. 0. 0. 0.
 0. 0. 0. 0. 0. 0. 0. 0. 0. 0. 0. 0. 0. 0. 0. 0.]","[0. 0. 0. 0. 0. 0. 0. 0. 0. 0. 0. 0. 0. 0. 0. 0. 0. 0. 0. 0. 0. 0. 0. 0.
 0. 0. 0. 0. 0. 0. 0. 0. 0. 0. 0. 0. 0. 0. 0. 0.]","[1.41992402 1.54843533 1.4774425  1.4842366  1.47125888 1.58124757
 1.63068271 1.42636347 1.56271958 1.48214412 1.51527643 1.60628033
 1.42196679 1.43342924 1.44117296 1.49269533 1.5522989  1.50967169
 1.54757047 1.49523687 1.43296897 1.38073194 1.41238856 1.41136324
 1.46145558 1.43918908 1.44440961 1.4239254  1.41780424 1.45201707
 1.46261775 1.523049   1.46575999 1.68159056 1.42297769 1.39039803
 1.4161824  1.4539156  1.44542038 1.44292998]",0.5,0.0
NestedUNet,True,open,3,True,8.0,"[1. 1. 1. 1. 1. 1. 1. 1. 1. 1. 1. 1. 1. 1. 1. 1. 1. 1. 1. 1. 0. 0. 0. 0.
 0. 0. 0. 0. 0. 0. 0. 0. 0. 0. 0. 0. 0. 0. 0. 0.]","[0. 0. 0. 0. 0. 0. 0. 0. 0. 0. 0. 0. 0. 0. 0. 0. 0. 0. 0. 0. 0. 0. 0. 0.
 0. 0. 0. 0. 0. 0. 0. 0. 0. 0. 0. 0. 0. 0. 0. 0.]","[1.58346415 1.42674851 1.60973644 1.39515233 1.41205239 1.54177558
 1.40515983 1.42081451 1.42500246 1.47340393 1.47748685 1.48759758
 1.46295571 1.40783978 1.52992988 1.59769332 1.4416647  1.41925073
 1.45411515 1.44428945 1.44792545 1.44071519 1.41530228 1.40668499
 1.40851319 1.39525747 1.370296   1.39540362 1.43298078 1.39199281
 1.43005002 1.51863778 1.46582639 1.6448462  1.39726889 1.37409425
 1.41753089 1.44791484 1.42561841 1.43943882]",0.5,0.0
NestedUNet,True,both,3,True,8.0,"[1. 1. 1. 1. 1. 1. 1. 1. 1. 1. 1. 1. 1. 1. 1. 1. 1. 1. 1. 1. 0. 0. 0. 0.
 0. 0. 0. 0. 0. 0. 0. 0. 0. 0. 0. 0. 0. 0. 0. 0.]","[0. 0. 0. 0. 0. 0. 0. 0. 0. 0. 0. 0. 0. 0. 0. 0. 0. 0. 0. 0. 0. 0. 0. 0.
 0. 0. 0. 0. 0. 0. 0. 0. 0. 0. 0. 0. 0. 0. 0. 0.]","[1.51878893 1.61191404 1.51950049 1.5573982  1.55560422 1.56089592
 1.49945784 1.44953799 1.45036459 1.51593924 1.5130682  1.46317887
 1.60729671 1.43824899 1.47113204 1.42959142 1.46513069 1.50189173
 1.63106489 1.43298244 1.44499791 1.44501698 1.46557164 1.41408169
 1.4270432  1.40718412 1.46332669 1.44327879 1.39173281 1.41015482
 1.45881748 1.53231883 1.47221196 1.66702604 1.42598987 1.40665925
 1.4255724  1.4605484  1.45379448 1.45480323]",0.5,0.0
NestedUNet,True,both,3,True,8.0,"[1. 1. 1. 1. 1. 1. 1. 1. 1. 1. 1. 1. 1. 1. 1. 1. 1. 1. 1. 1. 0. 0. 0. 0.
 0. 0. 0. 0. 0. 0. 0. 0. 0. 0. 0. 0. 0. 0. 0. 0.]","[0. 0. 0. 0. 0. 0. 0. 0. 0. 0. 0. 0. 0. 0. 0. 0. 0. 0. 0. 0. 0. 0. 0. 0.
 0. 0. 0. 0. 0. 0. 0. 0. 0. 0. 0. 0. 0. 0. 0. 0.]","[1.55434203 1.43542671 1.48553824 1.46986508 1.48716831 1.43038893
 1.49767196 1.54611158 1.6523304  1.41475224 1.49110627 1.60335815
 1.44983172 1.55354238 1.46078467 1.61406159 1.41923463 1.47516584
 1.42747796 1.54555559 1.40756691 1.43058431 1.46460056 1.41969931
 1.39155042 1.42553759 1.41143823 1.40158451 1.44337654 1.44080019
 1.45337152 1.5318284  1.47318041 1.68858659 1.42167866 1.3933636
 1.41087842 1.45893478 1.44758916 1.44393003]",0.5,0.0
NestedUNet,False,,,False,,"[1. 1. 1. 1. 1. 1. 1. 1. 1. 1. 1. 1. 1. 1. 1. 1. 1. 1. 1. 1. 0. 0. 0. 0.
 0. 0. 0. 0. 0. 0. 0. 0. 0. 0. 0. 0. 0. 0. 0. 0.]","[0. 0. 0. 0. 1. 0. 0. 0. 0. 0. 0. 0. 0. 0. 1. 0. 0. 0. 1. 0. 0. 0. 0. 1.
 0. 0. 0. 0. 0. 1. 0. 0. 0. 0. 0. 0. 0. 0. 0. 0.]","[0.82935548 0.83826149 0.82758898 0.93987548 0.80897772 0.82305354
 0.85449946 0.84461683 0.85396022 0.8231318  0.82174951 0.86385936
 0.85116482 0.83835483 0.80892742 0.87647378 0.92874485 0.83685106
 0.81711131 0.84601367 0.8397007  0.84112358 0.82767934 0.8123337
 0.85546654 0.85209447 0.82466817 0.83578676 0.82025254 0.81340832
 0.84755445 0.86997896 0.87935019 1.04551554 0.82265651 0.85002494
 0.847565   0.8623879  0.86314929 0.82397312]",0.525,0.24
NestedUNet,False,,,False,,"[1. 1. 1. 1. 1. 1. 1. 1. 1. 1. 1. 1. 1. 1. 1. 1. 1. 1. 1. 1. 0. 0. 0. 0.
 0. 0. 0. 0. 0. 0. 0. 0. 0. 0. 0. 0. 0. 0. 0. 0.]","[1. 1. 1. 1. 1. 0. 1. 1. 1. 0. 1. 0. 1. 1. 1. 1. 1. 1. 1. 0. 1. 0. 1. 1.
 0. 0. 0. 1. 1. 1. 0. 0. 0. 0. 1. 0. 0. 0. 0. 1.]","[0.83076316 0.82423794 0.81755656 0.81519306 0.8411864  0.86354792
 0.81524098 0.82616317 0.82479161 0.91209072 0.84045762 0.8752259
 0.83592701 0.82099479 0.83173287 0.81842721 0.81776381 0.8422612
 0.81676066 0.84906811 0.82711631 0.84684205 0.83494502 0.83259898
 0.87608212 0.86454809 0.88653129 0.82871741 0.82047838 0.83341312
 0.85673749 0.87782884 0.87843603 1.13571835 0.83276337 0.87111551
 0.85284811 0.87367463 0.89727056 0.84049189]",0.7,0.7272727272727273
NestedUNet,True,close,3,False,,"[1. 1. 1. 1. 1. 1. 1. 1. 1. 1. 1. 1. 1. 1. 1. 1. 1. 1. 1. 1. 0. 0. 0. 0.
 0. 0. 0. 0. 0. 0. 0. 0. 0. 0. 0. 0. 0. 0. 0. 0.]","[1. 1. 1. 1. 1. 0. 1. 1. 1. 1. 1. 1. 0. 1. 1. 1. 1. 1. 1. 1. 0. 1. 1. 1.
 1. 0. 1. 1. 0. 0. 0. 0. 0. 0. 1. 0. 0. 0. 0. 1.]","[0.80632561 0.8094579  0.80911934 0.80161482 0.79993123 0.84464556
 0.81950861 0.79383004 0.82315338 0.80494457 0.83174592 0.80404317
 0.84314257 0.8105762  0.81546414 0.790151   0.81107664 0.79466581
 0.81133842 0.8037734  0.8728469  0.83450371 0.82322299 0.82908475
 0.81633466 0.86406064 0.82054269 0.81809825 0.85011393 0.85049474
 0.85513061 0.89120889 0.9266907  0.99216253 0.82429135 0.85309505
 0.84864742 0.88180768 0.86778909 0.81972408]",0.75,0.782608695652174
NestedUNet,True,close,3,False,,"[1. 1. 1. 1. 1. 1. 1. 1. 1. 1. 1. 1. 1. 1. 1. 1. 1. 1. 1. 1. 0. 0. 0. 0.
 0. 0. 0. 0. 0. 0. 0. 0. 0. 0. 0. 0. 0. 0. 0. 0.]","[1. 1. 1. 0. 1. 1. 1. 1. 0. 1. 1. 1. 1. 1. 1. 1. 1. 1. 0. 1. 1. 1. 0. 1.
 1. 0. 1. 1. 0. 0. 0. 0. 0. 0. 0. 0. 0. 0. 0. 1.]","[0.81297112 0.80654228 0.79244173 0.8421973  0.80103791 0.79779696
 0.8062396  0.80176991 0.84617937 0.79848504 0.80180222 0.8298229
 0.79874212 0.79647177 0.82400316 0.80263788 0.8269282  0.79629719
 0.84006053 0.80804199 0.82375073 0.81989127 0.88649243 0.82803977
 0.83004045 0.85658622 0.81280762 0.82233906 0.86498886 0.83719802
 0.85682553 0.88623035 0.92150247 1.05946493 0.83107299 0.87330866
 0.86843336 0.91175574 0.92817295 0.8268832 ]",0.75,0.7727272727272727
NestedUNet,True,open,3,False,,"[1. 1. 1. 1. 1. 1. 1. 1. 1. 1. 1. 1. 1. 1. 1. 1. 1. 1. 1. 1. 0. 0. 0. 0.
 0. 0. 0. 0. 0. 0. 0. 0. 0. 0. 0. 0. 0. 0. 0. 0.]","[0. 0. 1. 1. 0. 0. 1. 1. 1. 0. 0. 0. 0. 0. 0. 0. 0. 0. 1. 0. 1. 0. 1. 1.
 1. 0. 0. 0. 0. 0. 0. 0. 0. 0. 0. 0. 0. 0. 0. 0.]","[0.85247982 0.88633144 0.82591712 0.80440295 0.91488957 0.84147602
 0.82121772 0.82729745 0.81984717 0.84534121 0.84915662 0.83277667
 0.89497113 0.84897065 0.83698899 0.83207047 0.8289932  0.86294121
 0.81965709 0.83411479 0.82298964 0.85055697 0.8263042  0.82420355
 0.81738007 0.84659141 0.83339953 0.85952294 0.83883524 0.83384436
 0.85195059 0.87539244 0.87807435 1.00412107 0.8311218  0.84914392
 0.85279095 0.87505627 0.869973   0.83008927]",0.55,0.4
NestedUNet,True,open,3,False,,"[1. 1. 1. 1. 1. 1. 1. 1. 1. 1. 1. 1. 1. 1. 1. 1. 1. 1. 1. 1. 0. 0. 0. 0.
 0. 0. 0. 0. 0. 0. 0. 0. 0. 0. 0. 0. 0. 0. 0. 0.]","[1. 1. 1. 1. 0. 1. 0. 1. 1. 0. 0. 1. 0. 0. 1. 0. 1. 1. 1. 1. 0. 0. 0. 0.
 1. 0. 0. 0. 1. 1. 0. 0. 0. 0. 0. 0. 0. 0. 0. 0.]","[0.81126344 0.80982494 0.80300003 0.8187682  0.83987039 0.80065238
 0.87999433 0.79818922 0.81075418 0.8501395  0.8277933  0.81486851
 0.82942098 0.85793519 0.82407504 0.83028018 0.81609076 0.8173871
 0.82018244 0.81329095 0.83069408 0.86757135 0.87262946 0.83414304
 0.81912708 0.89165348 0.83458793 0.86396682 0.82739615 0.81927186
 0.85124218 0.8848753  0.9083637  0.97397012 0.83141863 0.87138474
 0.86450595 0.88699096 0.89473498 0.83025002]",0.75,0.7222222222222222
NestedUNet,True,both,3,False,,"[1. 1. 1. 1. 1. 1. 1. 1. 1. 1. 1. 1. 1. 1. 1. 1. 1. 1. 1. 1. 0. 0. 0. 0.
 0. 0. 0. 0. 0. 0. 0. 0. 0. 0. 0. 0. 0. 0. 0. 0.]","[1. 1. 1. 1. 0. 0. 1. 1. 1. 0. 1. 1. 0. 1. 1. 1. 1. 0. 1. 1. 1. 0. 1. 1.
 1. 1. 0. 0. 1. 0. 0. 0. 0. 0. 1. 0. 0. 0. 0. 1.]","[0.81653702 0.81248778 0.82662928 0.82500219 0.87163681 0.9095208
 0.81084025 0.83408827 0.81684804 0.88391292 0.8053847  0.8195104
 0.83979034 0.82499284 0.80516297 0.83107007 0.8224113  0.85362905
 0.81294358 0.79678315 0.82383132 0.87839508 0.8366276  0.81796491
 0.83004946 0.81304365 0.85704064 0.85446012 0.81691903 0.85620695
 0.84476936 0.87412202 0.90028477 1.12798548 0.8305068  0.85034931
 0.85096574 0.86135852 0.86293983 0.82784992]",0.675,0.6976744186046512
NestedUNet,True,both,3,False,,"[1. 1. 1. 1. 1. 1. 1. 1. 1. 1. 1. 1. 1. 1. 1. 1. 1. 1. 1. 1. 0. 0. 0. 0.
 0. 0. 0. 0. 0. 0. 0. 0. 0. 0. 0. 0. 0. 0. 0. 0.]","[1. 1. 0. 0. 1. 1. 1. 1. 1. 1. 1. 1. 1. 1. 1. 1. 1. 1. 1. 1. 0. 1. 0. 1.
 1. 1. 0. 1. 1. 1. 0. 0. 0. 0. 1. 0. 0. 0. 0. 1.]","[0.81011432 0.81253791 0.85311717 0.87203109 0.79516464 0.82322639
 0.79529661 0.81691337 0.83633405 0.84042656 0.80536705 0.79567909
 0.833969   0.80640376 0.79568291 0.80562079 0.80348951 0.80049461
 0.84072363 0.80752444 0.8584342  0.83655822 0.8491649  0.83406323
 0.83343261 0.82428151 0.86118555 0.81345564 0.81947523 0.81702721
 0.85887325 0.89359552 0.89114904 1.02362335 0.82920527 0.84822083
 0.85730523 0.89102167 0.87571239 0.83301795]",0.725,0.7659574468085106
NestedUNet,False,,,False,,"[1. 1. 1. 1. 1. 1. 1. 1. 1. 1. 1. 1. 1. 1. 1. 1. 1. 1. 1. 1. 0. 0. 0. 0.
 0. 0. 0. 0. 0. 0. 0. 0. 0. 0. 0. 0. 0. 0. 0. 0.]","[0. 1. 1. 1. 1. 0. 0. 0. 1. 0. 0. 0. 1. 0. 0. 1. 1. 1. 0. 0. 0. 0. 0. 1.
 0. 0. 1. 1. 0. 0. 0. 0. 0. 0. 0. 0. 0. 0. 0. 0.]","[0.87131596 0.80284065 0.81160975 0.80839586 0.82292819 0.82597303
 0.90312207 0.86968982 0.81380308 0.85206568 0.83421141 0.86370605
 0.81589729 0.85360301 0.8325963  0.81636024 0.80652881 0.81218249
 0.82452732 0.82366186 0.82647723 0.84169322 0.8626129  0.81869966
 0.83145982 0.84955209 0.81579924 0.8178221  0.82946688 0.83570188
 0.84825361 0.87002516 0.90332663 0.96461254 0.82576764 0.85302651
 0.84928477 0.86887491 0.8668415  0.83300537]",0.65,0.5625
NestedUNet,False,,,False,,"[1. 1. 1. 1. 1. 1. 1. 1. 1. 1. 1. 1. 1. 1. 1. 1. 1. 1. 1. 1. 0. 0. 0. 0.
 0. 0. 0. 0. 0. 0. 0. 0. 0. 0. 0. 0. 0. 0. 0. 0.]","[0. 1. 0. 0. 0. 0. 1. 0. 0. 1. 1. 1. 0. 0. 0. 0. 0. 0. 0. 1. 1. 0. 1. 0.
 1. 0. 1. 0. 0. 0. 0. 0. 0. 0. 1. 0. 0. 0. 0. 1.]","[0.87235242 0.83007842 0.85080254 0.84218061 0.90564448 0.83399761
 0.81515747 0.84959298 0.83872986 0.8208043  0.82219505 0.82282341
 0.84192073 0.86886865 0.84775853 0.83545411 0.83528644 0.83541644
 0.8366459  0.83106267 0.82546419 0.86855406 0.82618713 0.85015428
 0.81692016 0.8329258  0.81891245 0.84900165 0.83605713 0.84869045
 0.85031748 0.87584567 0.88233447 1.03957283 0.82920116 0.84645283
 0.84705973 0.85999453 0.87097728 0.82976758]",0.5,0.375
NestedUNet,True,close,3,False,,"[1. 1. 1. 1. 1. 1. 1. 1. 1. 1. 1. 1. 1. 1. 1. 1. 1. 1. 1. 1. 0. 0. 0. 0.
 0. 0. 0. 0. 0. 0. 0. 0. 0. 0. 0. 0. 0. 0. 0. 0.]","[1. 1. 1. 1. 1. 0. 1. 0. 1. 0. 1. 1. 1. 1. 1. 1. 1. 0. 0. 1. 0. 0. 1. 1.
 0. 0. 0. 0. 0. 0. 0. 0. 0. 0. 0. 0. 0. 0. 0. 0.]","[0.81315053 0.81146824 0.81830853 0.806642   0.8062672  0.83099109
 0.82296252 0.87357283 0.80854595 0.85140926 0.8109712  0.80434632
 0.81422687 0.80059743 0.80237561 0.81298923 0.80516189 0.83339727
 0.82582092 0.80258662 0.87457323 0.82882643 0.8232879  0.81434858
 0.84761941 0.83721411 0.86545414 0.8574208  0.86445558 0.83228302
 0.85086268 0.88476485 0.89996898 0.99743032 0.82787627 0.85956466
 0.85883456 0.86528194 0.88117862 0.85268265]",0.825,0.8108108108108109
NestedUNet,True,close,3,False,,"[1. 1. 1. 1. 1. 1. 1. 1. 1. 1. 1. 1. 1. 1. 1. 1. 1. 1. 1. 1. 0. 0. 0. 0.
 0. 0. 0. 0. 0. 0. 0. 0. 0. 0. 0. 0. 0. 0. 0. 0.]","[0. 0. 1. 0. 1. 0. 0. 0. 0. 0. 0. 0. 0. 1. 0. 0. 0. 1. 0. 0. 0. 1. 0. 0.
 1. 1. 1. 1. 0. 0. 0. 0. 0. 0. 0. 0. 0. 0. 0. 1.]","[0.84092605 0.83376431 0.81820118 0.85340476 0.81902432 0.86500442
 0.85037547 0.87958974 0.84331447 0.86441827 0.83275843 0.82763505
 0.83213824 0.82222021 0.89817971 0.9161694  0.86891091 0.81578118
 0.94756532 0.84357029 0.86828434 0.80791986 0.85268426 0.84353691
 0.81035364 0.81348175 0.8242622  0.82252002 0.86683929 0.86402458
 0.84732789 0.87290525 0.89862192 0.98885375 0.82811534 0.84607691
 0.84240645 0.8627786  0.87048131 0.82395029]",0.45,0.26666666666666666
NestedUNet,True,open,3,False,,"[1. 1. 1. 1. 1. 1. 1. 1. 1. 1. 1. 1. 1. 1. 1. 1. 1. 1. 1. 1. 0. 0. 0. 0.
 0. 0. 0. 0. 0. 0. 0. 0. 0. 0. 0. 0. 0. 0. 0. 0.]","[0. 1. 0. 0. 0. 0. 0. 0. 0. 0. 1. 1. 0. 0. 0. 0. 0. 0. 0. 0. 0. 0. 1. 0.
 0. 1. 1. 0. 1. 0. 0. 0. 0. 0. 1. 0. 0. 0. 0. 1.]","[0.83362389 0.83022869 0.90403485 0.84238786 0.84298754 0.84641671
 0.8417092  0.86093259 0.8549391  0.83629751 0.82045287 0.81408674
 0.86089218 0.93793899 0.86616528 0.85667175 0.83538508 0.96610188
 0.96312666 0.86449033 0.83484697 0.85745257 0.82514369 0.83661497
 0.87904006 0.82549763 0.82923055 0.83916032 0.82486308 0.85854214
 0.85720724 0.89336014 0.91356754 1.06996274 0.82732767 0.84214669
 0.85338706 0.86510438 0.85534263 0.8324753 ]",0.425,0.20689655172413793
NestedUNet,True,open,3,False,,"[1. 1. 1. 1. 1. 1. 1. 1. 1. 1. 1. 1. 1. 1. 1. 1. 1. 1. 1. 1. 0. 0. 0. 0.
 0. 0. 0. 0. 0. 0. 0. 0. 0. 0. 0. 0. 0. 0. 0. 0.]","[1. 1. 1. 1. 1. 1. 1. 1. 1. 1. 1. 1. 1. 1. 1. 1. 1. 0. 1. 1. 1. 1. 1. 1.
 1. 1. 1. 1. 1. 1. 1. 0. 0. 0. 1. 1. 1. 0. 0. 1.]","[0.80762428 0.82196641 0.81638795 0.80915904 0.85117382 0.81170404
 0.81967998 0.8552385  0.8434211  0.83638501 0.80497724 0.8142432
 0.81607664 0.83870375 0.8330676  0.81594479 0.86299068 0.87388766
 0.83719748 0.81985205 0.81912297 0.81830877 0.81888211 0.82808506
 0.83770424 0.85598528 0.83016402 0.85129428 0.85847175 0.82766634
 0.85235351 0.88093591 0.91164154 0.99925375 0.82482719 0.843283
 0.856839   0.87354672 0.87656361 0.83632505]",0.6,0.7037037037037037
NestedUNet,True,both,3,False,,"[1. 1. 1. 1. 1. 1. 1. 1. 1. 1. 1. 1. 1. 1. 1. 1. 1. 1. 1. 1. 0. 0. 0. 0.
 0. 0. 0. 0. 0. 0. 0. 0. 0. 0. 0. 0. 0. 0. 0. 0.]","[1. 0. 1. 0. 0. 0. 1. 0. 1. 1. 0. 0. 1. 1. 1. 1. 0. 1. 0. 1. 0. 1. 0. 1.
 1. 0. 0. 0. 0. 1. 0. 0. 0. 0. 0. 0. 0. 0. 0. 0.]","[0.81772661 0.86200869 0.81497693 0.89101821 0.85686666 0.83967233
 0.8106941  0.86934805 0.81911087 0.8310042  0.83302736 0.84925705
 0.8037135  0.82262117 0.8220138  0.8067084  0.84321833 0.81967103
 0.83486557 0.80860555 0.86747146 0.82341719 0.83874321 0.81772387
 0.82994604 0.8641817  0.85930806 0.86960989 0.85427779 0.82622111
 0.85953891 0.8850168  0.90061069 0.99219197 0.84094572 0.85425216
 0.86047435 0.91161948 0.88084185 0.83398515]",0.675,0.6285714285714286
NestedUNet,True,both,3,False,,"[1. 1. 1. 1. 1. 1. 1. 1. 1. 1. 1. 1. 1. 1. 1. 1. 1. 1. 1. 1. 0. 0. 0. 0.
 0. 0. 0. 0. 0. 0. 0. 0. 0. 0. 0. 0. 0. 0. 0. 0.]","[0. 0. 1. 0. 1. 0. 0. 1. 1. 0. 1. 0. 1. 0. 1. 1. 1. 0. 1. 1. 0. 0. 0. 0.
 0. 0. 0. 1. 0. 0. 0. 0. 0. 0. 0. 0. 0. 0. 0. 0.]","[0.82553887 0.86024368 0.81281185 0.82267648 0.81479341 0.88909763
 0.84251237 0.80190814 0.80989391 0.84220409 0.80342638 0.82687962
 0.79612291 0.82959193 0.81184244 0.79335099 0.81148565 0.85187399
 0.81042135 0.81547523 0.83422375 0.86796379 0.83251613 0.82018894
 0.86536014 0.84155208 0.83239973 0.81286907 0.81676131 0.86853522
 0.8499034  0.88716346 0.8953445  0.98805243 0.83094847 0.8499735
 0.86263174 0.92444402 0.90417045 0.83111805]",0.75,0.6875
NestedUNet,False,,,False,,"[1. 1. 1. 1. 1. 1. 1. 1. 1. 1. 1. 1. 1. 1. 1. 1. 1. 1. 1. 1. 0. 0. 0. 0.
 0. 0. 0. 0. 0. 0. 0. 0. 0. 0. 0. 0. 0. 0. 0. 0.]","[1. 1. 1. 1. 1. 1. 1. 0. 0. 1. 1. 1. 1. 1. 1. 0. 0. 0. 1. 1. 0. 0. 1. 0.
 1. 1. 1. 1. 0. 1. 0. 0. 0. 0. 1. 0. 0. 0. 0. 1.]","[0.81849295 0.83707446 0.80820251 0.81388801 0.8323797  0.81000316
 0.81775647 0.8756631  0.8795594  0.83553427 0.79945242 0.82442063
 0.81533051 0.8210054  0.81605977 0.90927392 0.8650589  0.85408694
 0.8215993  0.81229174 0.84159446 0.85935229 0.82580268 0.84588945
 0.82496446 0.82913148 0.82151479 0.83340931 0.87001836 0.81511343
 0.84658933 0.87244952 0.89590031 1.00290394 0.82857364 0.85807687
 0.84399939 0.86545205 0.87323511 0.82830799]",0.675,0.6976744186046512
NestedUNet,False,,,False,,"[1. 1. 1. 1. 1. 1. 1. 1. 1. 1. 1. 1. 1. 1. 1. 1. 1. 1. 1. 1. 0. 0. 0. 0.
 0. 0. 0. 0. 0. 0. 0. 0. 0. 0. 0. 0. 0. 0. 0. 0.]","[1. 1. 1. 1. 1. 1. 0. 1. 1. 1. 0. 1. 0. 1. 0. 1. 1. 1. 1. 1. 1. 1. 1. 0.
 1. 1. 0. 0. 1. 1. 0. 0. 0. 0. 1. 0. 0. 0. 0. 1.]","[0.82276773 0.83392358 0.8119967  0.81140065 0.80681419 0.81142211
 0.87342143 0.8152957  0.82322353 0.84464037 0.86207581 0.81516147
 0.8669225  0.83045208 0.88642013 0.81494468 0.82035136 0.81239611
 0.80281091 0.79776525 0.82880074 0.84524691 0.81837809 0.87004316
 0.8281216  0.84363377 0.86562169 0.86867613 0.83464503 0.81714177
 0.85171276 0.8832711  0.91294724 1.15526104 0.83044708 0.85783744
 0.86183226 0.89179105 0.89210457 0.83634835]",0.675,0.7111111111111111
NestedUNet,True,close,3,False,,"[1. 1. 1. 1. 1. 1. 1. 1. 1. 1. 1. 1. 1. 1. 1. 1. 1. 1. 1. 1. 0. 0. 0. 0.
 0. 0. 0. 0. 0. 0. 0. 0. 0. 0. 0. 0. 0. 0. 0. 0.]","[1. 0. 0. 0. 0. 0. 0. 0. 0. 0. 1. 0. 1. 1. 0. 0. 0. 1. 0. 1. 1. 0. 0. 1.
 1. 1. 1. 0. 0. 1. 0. 0. 0. 0. 0. 0. 0. 0. 0. 0.]","[0.82511562 0.86010367 0.86853433 0.85401821 0.93137264 0.84918141
 0.90109372 0.83188701 0.84410512 0.8371731  0.82519239 0.86718374
 0.81363696 0.82062697 0.83073604 0.85906518 0.84758729 0.81620121
 0.90158832 0.81600046 0.8243733  0.8549878  0.85719287 0.81731206
 0.82314354 0.8277036  0.81913537 0.83540803 0.84490776 0.81605518
 0.843705   0.87339664 0.88849819 0.96831262 0.8300398  0.84808904
 0.8403616  0.86566651 0.86557537 0.83659536]",0.5,0.375
NestedUNet,True,close,3,False,,"[1. 1. 1. 1. 1. 1. 1. 1. 1. 1. 1. 1. 1. 1. 1. 1. 1. 1. 1. 1. 0. 0. 0. 0.
 0. 0. 0. 0. 0. 0. 0. 0. 0. 0. 0. 0. 0. 0. 0. 0.]","[1. 0. 1. 1. 1. 1. 1. 0. 1. 1. 1. 1. 1. 1. 0. 1. 1. 0. 1. 1. 1. 1. 0. 1.
 0. 1. 0. 1. 1. 0. 0. 0. 0. 0. 1. 0. 0. 0. 0. 0.]","[0.80744219 0.89765042 0.82486182 0.79699367 0.83193314 0.79909813
 0.8105095  0.83577138 0.80735242 0.80844373 0.79608488 0.83283663
 0.82157874 0.82846731 0.85886067 0.80467516 0.8294574  0.84769726
 0.81540835 0.81718415 0.81182408 0.82022023 0.83830291 0.82092887
 0.85156083 0.83068949 0.8450774  0.82271385 0.80959433 0.85859013
 0.84888488 0.8923856  0.91099757 1.03646874 0.82495773 0.85811359
 0.83777267 0.8961935  0.88321972 0.84269828]",0.725,0.7441860465116279
NestedUNet,True,open,3,False,,"[1. 1. 1. 1. 1. 1. 1. 1. 1. 1. 1. 1. 1. 1. 1. 1. 1. 1. 1. 1. 0. 0. 0. 0.
 0. 0. 0. 0. 0. 0. 0. 0. 0. 0. 0. 0. 0. 0. 0. 0.]","[1. 0. 1. 1. 0. 1. 1. 0. 0. 1. 1. 1. 1. 1. 1. 1. 1. 1. 1. 1. 1. 1. 1. 1.
 0. 0. 1. 1. 0. 1. 0. 0. 0. 0. 1. 0. 0. 0. 0. 1.]","[0.79704386 0.87855631 0.81954807 0.80294257 0.85625601 0.81741434
 0.83040893 0.88350326 0.86258543 0.80452853 0.82474184 0.8133803
 0.82568908 0.8145436  0.84383643 0.83714068 0.83550793 0.82744169
 0.82256556 0.81315231 0.82068509 0.82244098 0.81412667 0.83349442
 0.85131818 0.85310417 0.83766377 0.8229354  0.85035038 0.81535673
 0.85183418 0.87916559 0.88050193 0.96444529 0.82689983 0.85096508
 0.84541601 0.88045979 0.87005812 0.82326514]",0.675,0.7111111111111111
NestedUNet,True,open,3,False,,"[1. 1. 1. 1. 1. 1. 1. 1. 1. 1. 1. 1. 1. 1. 1. 1. 1. 1. 1. 1. 0. 0. 0. 0.
 0. 0. 0. 0. 0. 0. 0. 0. 0. 0. 0. 0. 0. 0. 0. 0.]","[0. 0. 0. 0. 1. 0. 1. 0. 0. 1. 0. 0. 1. 1. 1. 0. 1. 1. 0. 1. 1. 1. 0. 0.
 1. 1. 0. 0. 0. 1. 0. 0. 0. 0. 1. 0. 0. 0. 0. 1.]","[0.84351432 0.87684745 0.85059899 0.83611214 0.82978457 0.86866426
 0.83080268 0.84285754 0.87974423 0.83216316 0.8354075  0.88655269
 0.8280645  0.8192246  0.8342616  0.84203249 0.82277399 0.82976419
 0.83556199 0.82074302 0.81439704 0.82779515 0.85304105 0.85106671
 0.83367711 0.82185042 0.8595463  0.85807526 0.83511466 0.81738567
 0.84609848 0.87167752 0.89278466 1.12347472 0.825423   0.84908283
 0.84198582 0.87545812 0.87548178 0.82552284]",0.55,0.5
NestedUNet,True,both,3,False,,"[1. 1. 1. 1. 1. 1. 1. 1. 1. 1. 1. 1. 1. 1. 1. 1. 1. 1. 1. 1. 0. 0. 0. 0.
 0. 0. 0. 0. 0. 0. 0. 0. 0. 0. 0. 0. 0. 0. 0. 0.]","[0. 0. 0. 0. 1. 0. 1. 0. 0. 0. 0. 0. 1. 1. 1. 1. 1. 0. 1. 0. 1. 0. 0. 0.
 1. 0. 1. 0. 0. 0. 0. 0. 0. 0. 0. 0. 0. 0. 0. 0.]","[0.82821304 0.8351627  0.82461047 0.85633594 0.81092513 0.87710655
 0.81418371 0.83749765 0.90828443 0.83856499 0.85161084 0.88124979
 0.80354154 0.81966609 0.81006503 0.8150208  0.81910688 0.85278457
 0.79734772 0.86689878 0.81340086 0.83928013 0.84737778 0.86102682
 0.81224287 0.86443305 0.81914109 0.83089191 0.83638084 0.82267141
 0.85604233 0.89064157 0.89749068 0.95360899 0.83171159 0.85096729
 0.85332334 0.85907179 0.87319088 0.82256138]",0.625,0.5161290322580645
NestedUNet,True,both,3,False,,"[1. 1. 1. 1. 1. 1. 1. 1. 1. 1. 1. 1. 1. 1. 1. 1. 1. 1. 1. 1. 0. 0. 0. 0.
 0. 0. 0. 0. 0. 0. 0. 0. 0. 0. 0. 0. 0. 0. 0. 0.]","[1. 1. 1. 1. 0. 0. 0. 1. 1. 0. 1. 0. 0. 1. 0. 0. 1. 1. 1. 1. 1. 1. 0. 0.
 1. 0. 1. 1. 0. 1. 0. 0. 0. 0. 1. 0. 0. 0. 0. 1.]","[0.81000036 0.83252466 0.80793506 0.82428342 0.84757382 0.87387931
 0.91861075 0.81866753 0.82165611 0.88615483 0.84011537 0.88656616
 0.86828554 0.84295189 0.88917178 0.87062478 0.83121878 0.81828904
 0.83459812 0.82966411 0.81867313 0.82771504 0.85559744 0.8546859
 0.81584328 0.85075974 0.82770121 0.82979614 0.85978109 0.83102226
 0.85062599 0.87994838 0.86931801 1.18299723 0.82655203 0.85251325
 0.85774678 0.89066076 0.88117898 0.83409315]",0.6,0.6
NestedUNet,False,,,False,,"[1. 1. 1. 1. 1. 1. 1. 1. 1. 1. 1. 1. 1. 1. 1. 1. 1. 1. 1. 1. 0. 0. 0. 0.
 0. 0. 0. 0. 0. 0. 0. 0. 0. 0. 0. 0. 0. 0. 0. 0.]","[0. 1. 1. 1. 1. 0. 1. 1. 1. 1. 0. 0. 0. 1. 1. 1. 1. 1. 1. 0. 0. 0. 0. 0.
 0. 0. 0. 0. 0. 0. 0. 0. 0. 0. 0. 0. 0. 0. 0. 0.]","[0.8241322  0.81966484 0.81047565 0.79472643 0.80832726 0.84576905
 0.8015039  0.80339795 0.79926789 0.80169857 0.8435989  0.83185261
 0.84068143 0.81444252 0.80098516 0.81994951 0.80247664 0.79103434
 0.80230004 0.8615768  0.86295664 0.83416998 0.82299328 0.84925252
 0.83431929 0.83319926 0.86128658 0.84215683 0.83489442 0.86282831
 0.85381639 0.8855021  0.91112834 0.97508943 0.83437395 0.88724422
 0.86517096 0.88402462 0.88832396 0.83099997]",0.85,0.8235294117647058
NestedUNet,False,,,False,,"[1. 1. 1. 1. 1. 1. 1. 1. 1. 1. 1. 1. 1. 1. 1. 1. 1. 1. 1. 1. 0. 0. 0. 0.
 0. 0. 0. 0. 0. 0. 0. 0. 0. 0. 0. 0. 0. 0. 0. 0.]","[0. 1. 1. 0. 0. 1. 0. 1. 1. 1. 1. 1. 1. 1. 1. 0. 1. 1. 1. 1. 1. 1. 0. 1.
 0. 1. 0. 0. 1. 1. 0. 0. 0. 0. 0. 0. 0. 0. 0. 1.]","[0.84066129 0.79877144 0.79779923 0.84668231 0.85313582 0.81157643
 0.88384134 0.82988584 0.79080689 0.80133605 0.81047928 0.83124369
 0.79493767 0.79868418 0.82859796 0.85229492 0.81510353 0.80567837
 0.80771315 0.80520195 0.81839591 0.82853281 0.86258954 0.81422728
 0.844473   0.8253898  0.86408609 0.86483741 0.83102924 0.82015228
 0.8571797  0.88097537 0.90896428 0.94073558 0.83722031 0.88072026
 0.86888874 0.89010257 0.89751053 0.82215559]",0.7,0.7142857142857143
NestedUNet,True,close,3,False,,"[1. 1. 1. 1. 1. 1. 1. 1. 1. 1. 1. 1. 1. 1. 1. 1. 1. 1. 1. 1. 0. 0. 0. 0.
 0. 0. 0. 0. 0. 0. 0. 0. 0. 0. 0. 0. 0. 0. 0. 0.]","[1. 1. 1. 1. 1. 1. 1. 1. 1. 1. 1. 1. 1. 1. 1. 0. 1. 1. 1. 1. 0. 1. 0. 1.
 0. 0. 1. 1. 0. 1. 0. 0. 0. 0. 1. 0. 0. 0. 0. 1.]","[0.79517537 0.81423616 0.79301471 0.83421433 0.80890572 0.81672436
 0.80194443 0.82332748 0.81010115 0.81073189 0.80506605 0.81772834
 0.80387831 0.81897217 0.8174631  0.85017431 0.81119901 0.79933155
 0.7946313  0.82387096 0.85999209 0.82594353 0.87286955 0.82369208
 0.83822083 0.86032784 0.81525099 0.81372321 0.85589314 0.821271
 0.85963917 0.89259243 0.92994905 0.97480255 0.82326204 0.86292011
 0.86122537 0.88339031 0.8546474  0.82356256]",0.8,0.8260869565217391
NestedUNet,True,close,3,False,,"[1. 1. 1. 1. 1. 1. 1. 1. 1. 1. 1. 1. 1. 1. 1. 1. 1. 1. 1. 1. 0. 0. 0. 0.
 0. 0. 0. 0. 0. 0. 0. 0. 0. 0. 0. 0. 0. 0. 0. 0.]","[0. 0. 0. 0. 0. 0. 0. 0. 0. 0. 0. 0. 0. 0. 0. 0. 0. 0. 0. 0. 0. 0. 0. 0.
 0. 1. 0. 0. 0. 0. 0. 0. 0. 0. 0. 0. 0. 0. 0. 0.]","[0.8644433  0.82317972 0.81960034 0.8737421  0.82297051 0.81969279
 0.91782272 0.84837019 0.91917646 0.83993173 0.83892536 0.83169961
 0.81789875 0.84446794 0.84468758 0.86011904 0.85252106 0.8314712
 0.87930959 0.95810747 0.84971291 0.82576042 0.84369898 0.82948828
 0.82221162 0.81148881 0.82197028 0.86835521 0.81618083 0.86341882
 0.84652996 0.87348926 0.88615161 1.14054179 0.82376206 0.84832478
 0.83735847 0.86032504 0.85735077 0.82727081]",0.475,0.0
NestedUNet,True,open,3,False,,"[1. 1. 1. 1. 1. 1. 1. 1. 1. 1. 1. 1. 1. 1. 1. 1. 1. 1. 1. 1. 0. 0. 0. 0.
 0. 0. 0. 0. 0. 0. 0. 0. 0. 0. 0. 0. 0. 0. 0. 0.]","[1. 1. 0. 0. 1. 1. 0. 0. 1. 0. 1. 1. 0. 1. 0. 1. 1. 1. 0. 1. 1. 0. 0. 1.
 0. 1. 1. 1. 0. 1. 0. 0. 0. 0. 1. 0. 0. 0. 0. 1.]","[0.82453036 0.82108414 0.8488844  0.85888028 0.83790779 0.82319236
 0.85864067 0.84409308 0.8061232  0.91583794 0.81886464 0.82739848
 0.84710795 0.81953949 0.86834353 0.83312422 0.8285833  0.82428008
 0.88172925 0.81974494 0.83506554 0.86136949 0.86763114 0.82044107
 0.87219369 0.83693641 0.82045728 0.8387264  0.85992891 0.82314599
 0.8606177  0.88032418 0.88521081 1.05777538 0.8406288  0.84664059
 0.85564202 0.89263046 0.89490306 0.83990693]",0.6,0.6
NestedUNet,True,open,3,False,,"[1. 1. 1. 1. 1. 1. 1. 1. 1. 1. 1. 1. 1. 1. 1. 1. 1. 1. 1. 1. 0. 0. 0. 0.
 0. 0. 0. 0. 0. 0. 0. 0. 0. 0. 0. 0. 0. 0. 0. 0.]","[1. 0. 1. 0. 1. 1. 0. 0. 1. 1. 1. 1. 1. 0. 1. 0. 0. 1. 0. 1. 0. 1. 0. 1.
 0. 0. 0. 1. 0. 1. 0. 0. 0. 0. 0. 0. 0. 0. 0. 0.]","[0.81270313 0.84205359 0.81984484 0.84729975 0.81780267 0.83406329
 0.87703097 0.83681786 0.82954818 0.81500936 0.82728708 0.81248099
 0.81749904 0.83723181 0.8197009  0.84365273 0.90985906 0.83033842
 0.87120152 0.82503533 0.85304528 0.82484013 0.88038903 0.83245987
 0.91421729 0.86372131 0.88427746 0.82656324 0.85917157 0.83441341
 0.859007   0.89470351 0.88112307 1.0490067  0.83567506 0.88076901
 0.85801268 0.91838741 0.92066091 0.83644325]",0.7,0.6666666666666666
NestedUNet,True,both,3,False,,"[1. 1. 1. 1. 1. 1. 1. 1. 1. 1. 1. 1. 1. 1. 1. 1. 1. 1. 1. 1. 0. 0. 0. 0.
 0. 0. 0. 0. 0. 0. 0. 0. 0. 0. 0. 0. 0. 0. 0. 0.]","[0. 0. 0. 1. 0. 0. 0. 0. 0. 0. 0. 0. 0. 1. 0. 0. 0. 0. 0. 0. 0. 0. 0. 0.
 0. 0. 0. 0. 0. 0. 0. 0. 0. 0. 0. 0. 0. 0. 0. 0.]","[0.88722479 0.83923149 0.85819322 0.80997217 0.85673082 0.8295328
 0.93014205 0.90392351 0.83328068 0.84994924 0.82549721 0.84592301
 0.82622349 0.80765796 0.8895812  0.82439923 0.83083695 0.86211711
 0.82627523 0.90218627 0.82422125 0.81626546 0.84860879 0.83272845
 0.82889819 0.87254053 0.86887693 0.85425442 0.82252204 0.84393328
 0.85407925 0.89176798 0.90914583 1.08581436 0.83288902 0.84643281
 0.85614139 0.87512851 0.86421764 0.82767594]",0.55,0.18181818181818182
NestedUNet,True,both,3,False,,"[1. 1. 1. 1. 1. 1. 1. 1. 1. 1. 1. 1. 1. 1. 1. 1. 1. 1. 1. 1. 0. 0. 0. 0.
 0. 0. 0. 0. 0. 0. 0. 0. 0. 0. 0. 0. 0. 0. 0. 0.]","[1. 0. 1. 1. 0. 0. 1. 0. 1. 1. 1. 1. 0. 1. 0. 0. 1. 0. 0. 0. 0. 0. 1. 0.
 1. 0. 1. 1. 1. 0. 0. 0. 0. 0. 1. 0. 0. 0. 0. 1.]","[0.82508862 0.86800665 0.80508184 0.82898384 0.84420645 0.86515927
 0.81188703 0.83497477 0.8309654  0.82199055 0.81974077 0.81216341
 0.85146451 0.82106274 0.90368068 0.85632676 0.82449228 0.89881372
 0.84198064 0.84489787 0.85971117 0.83567679 0.82152224 0.85307217
 0.8190161  0.83998859 0.81837219 0.82856041 0.82308978 0.87973839
 0.84727925 0.87065327 0.91219229 1.14301777 0.82643932 0.84951335
 0.85180372 0.86965567 0.86202317 0.82270896]",0.575,0.5405405405405406
