Model,Morphology,Operation,Kernel Size,DPSGD,epsilon,loss_mem,loss_non_mem,true_label
NestedUNet,True,close,3,True,200.0,"[0.93008977 0.94119358 1.09711146 0.94849759 0.93590969 0.92662621
 0.94939882 0.90438968 1.01111507 0.95203149 1.12988591 0.97858316
 0.91000313 0.95480371 0.98527026 0.95878351 0.99559271 0.91315132
 0.97722018 1.01756227 1.04762721 0.97775578]","[0.92191935 0.91798282 0.96351093 0.94377488 0.90203351 0.95232153
 0.92015266 0.94081235 0.90171915 0.95647645 0.91734123 0.92205095
 0.90292555 0.89295048 0.90069503 0.90040511 0.94501048 0.96681601
 0.91928577 0.90805256 0.9403888  0.94291759]","[1. 1. 1. 1. 1. 1. 1. 1. 1. 1. 1. 1. 1. 1. 1. 1. 1. 1. 1. 1. 1. 1. 0. 0.
 0. 0. 0. 0. 0. 0. 0. 0. 0. 0. 0. 0. 0. 0. 0. 0. 0. 0. 0. 0.]"
NestedUNet,True,open,3,False,,"[0.85912037 0.85755122 0.82736313 0.90763909 0.90782034 0.82857764
 0.86568147 0.85068351 0.81731051 0.86667895 0.83475316 0.83159423
 0.85493213 0.84772766 0.90342498 0.9958207  0.89616573 0.87696666
 0.85939437 0.82429904 0.81913853 0.83009434]","[0.84647876 0.83364224 0.87234622 0.84884703 0.81810117 0.85531259
 0.844051   0.85900104 0.82570314 0.85627407 0.82201546 0.81672788
 0.81674504 0.82771772 0.81302977 0.81171393 0.8409729  0.87280667
 0.83067447 0.84923393 0.84377468 0.85145116]","[1. 1. 1. 1. 1. 1. 1. 1. 1. 1. 1. 1. 1. 1. 1. 1. 1. 1. 1. 1. 1. 1. 0. 0.
 0. 0. 0. 0. 0. 0. 0. 0. 0. 0. 0. 0. 0. 0. 0. 0. 0. 0. 0. 0.]"
NestedUNet,True,open,3,False,,"[0.81731051 0.86568147 0.85939449 0.94023669 0.84881842 0.86603183
 0.90342498 0.83700049 0.82481366 0.82429904 0.87059754 0.82158649
 0.9958207  0.95453238 0.82857764 0.85960835 0.82474625 0.85716623
 0.84958768 0.87246639 0.86577171 0.88270426]","[0.84647876 0.83364224 0.87234622 0.84884703 0.81810117 0.85531259
 0.844051   0.85900104 0.82570314 0.85627407 0.82201546 0.81672788
 0.81674504 0.82771772 0.81302977 0.81171393 0.8409729  0.87280667
 0.83067447 0.84923393 0.84377468 0.85145116]","[1. 1. 1. 1. 1. 1. 1. 1. 1. 1. 1. 1. 1. 1. 1. 1. 1. 1. 1. 1. 1. 1. 0. 0.
 0. 0. 0. 0. 0. 0. 0. 0. 0. 0. 0. 0. 0. 0. 0. 0. 0. 0. 0. 0.]"
NestedUNet,True,open,3,False,,"[0.85716617 0.83136135 0.9958207  0.82187849 0.83475316 0.82857764
 0.82179123 0.84522516 0.90763909 0.8519727  0.84159762 0.83799964
 0.85939449 0.85449106 0.85493213 0.84608471 0.85755134 0.86667913
 0.86568153 0.89616573 0.94082487 0.83700043]","[0.84647876 0.83364224 0.87234622 0.84884703 0.81810117 0.85531259
 0.844051   0.85900104 0.82570314 0.85627407 0.82201546 0.81672788
 0.81674504 0.82771772 0.81302977 0.81171393 0.8409729  0.87280667
 0.83067447 0.84923393 0.84377468 0.85145116]","[1. 1. 1. 1. 1. 1. 1. 1. 1. 1. 1. 1. 1. 1. 1. 1. 1. 1. 1. 1. 1. 1. 0. 0.
 0. 0. 0. 0. 0. 0. 0. 0. 0. 0. 0. 0. 0. 0. 0. 0. 0. 0. 0. 0.]"
NestedUNet,True,open,3,False,,"[0.83799964 0.84443098 0.82187849 0.85695857 0.83028901 0.83136135
 0.84608471 1.00316441 0.85912037 0.86577171 0.81894928 0.82481366
 0.82736313 0.82179123 0.85716617 0.85939449 0.8452251  0.90342486
 0.83159429 0.82158643 0.85068357 0.87832928]","[0.84647876 0.83364224 0.87234622 0.84884703 0.81810117 0.85531259
 0.844051   0.85900104 0.82570314 0.85627407 0.82201546 0.81672788
 0.81674504 0.82771772 0.81302977 0.81171393 0.8409729  0.87280667
 0.83067447 0.84923393 0.84377468 0.85145116]","[1. 1. 1. 1. 1. 1. 1. 1. 1. 1. 1. 1. 1. 1. 1. 1. 1. 1. 1. 1. 1. 1. 0. 0.
 0. 0. 0. 0. 0. 0. 0. 0. 0. 0. 0. 0. 0. 0. 0. 0. 0. 0. 0. 0.]"
NestedUNet,True,close,3,False,,"[0.82302219 0.86932445 0.86197031 0.96689093 0.85744792 0.8484478
 0.8085162  0.83212483 0.8259154  0.81551307 0.81766665 0.87774879
 0.86174566 0.89543742 0.83086497 0.80519319 0.8489669  0.82547569
 0.79102719 0.81847179 0.82498837 0.84582531]","[0.85346764 0.83653295 0.89640367 0.86207628 0.81835479 0.85108244
 0.84650874 0.83452851 0.8285054  0.88282216 0.8215161  0.81620127
 0.81758368 0.82865888 0.81680405 0.81528389 0.84384608 0.8790496
 0.81763452 0.85413957 0.84076953 0.88280725]","[1. 1. 1. 1. 1. 1. 1. 1. 1. 1. 1. 1. 1. 1. 1. 1. 1. 1. 1. 1. 1. 1. 0. 0.
 0. 0. 0. 0. 0. 0. 0. 0. 0. 0. 0. 0. 0. 0. 0. 0. 0. 0. 0. 0.]"
NestedUNet,True,close,3,False,,"[0.82269746 0.82547575 0.85521972 0.8259154  0.85021347 0.80519319
 0.8484478  0.83702785 0.83505458 0.81909734 0.82621896 0.87184334
 0.94017208 0.89543742 0.99749154 0.82302219 0.81551307 0.86932445
 0.82702523 0.82282144 0.86354864 0.92347336]","[0.85346764 0.83653295 0.89640367 0.86207628 0.81835479 0.85108244
 0.84650874 0.83452851 0.8285054  0.88282216 0.8215161  0.81620127
 0.81758368 0.82865888 0.81680405 0.81528389 0.84384608 0.8790496
 0.81763452 0.85413957 0.84076953 0.88280725]","[1. 1. 1. 1. 1. 1. 1. 1. 1. 1. 1. 1. 1. 1. 1. 1. 1. 1. 1. 1. 1. 1. 0. 0.
 0. 0. 0. 0. 0. 0. 0. 0. 0. 0. 0. 0. 0. 0. 0. 0. 0. 0. 0. 0.]"
NestedUNet,True,close,3,False,,"[0.82621896 0.80815434 0.82824445 0.85521972 0.80143499 0.79102707
 0.85111928 0.88943034 0.83702785 0.89543742 0.8252157  0.80625236
 0.86555719 0.8122921  0.83098328 0.83212483 0.82702523 0.85021353
 0.94017202 0.85499191 0.85558563 0.81551307]","[0.85346764 0.83653295 0.89640367 0.86207628 0.81835479 0.85108244
 0.84650874 0.83452851 0.8285054  0.88282216 0.8215161  0.81620127
 0.81758368 0.82865888 0.81680405 0.81528389 0.84384608 0.8790496
 0.81763452 0.85413957 0.84076953 0.88280725]","[1. 1. 1. 1. 1. 1. 1. 1. 1. 1. 1. 1. 1. 1. 1. 1. 1. 1. 1. 1. 1. 1. 0. 0.
 0. 0. 0. 0. 0. 0. 0. 0. 0. 0. 0. 0. 0. 0. 0. 0. 0. 0. 0. 0.]"
NestedUNet,True,close,3,False,,"[0.99449646 0.82547575 0.87843305 0.85499197 0.83086497 0.82302219
 0.86197031 0.80625236 0.8085162  0.82414794 0.83212483 0.79102707
 0.9355067  0.83505458 0.85247004 0.86555719 0.88943052 0.8081544
 0.82498837 0.82303286 0.85744792 0.92347336]","[0.85346764 0.83653295 0.89640367 0.86207628 0.81835479 0.85108244
 0.84650874 0.83452851 0.8285054  0.88282216 0.8215161  0.81620127
 0.81758368 0.82865888 0.81680405 0.81528389 0.84384608 0.8790496
 0.81763452 0.85413957 0.84076953 0.88280725]","[1. 1. 1. 1. 1. 1. 1. 1. 1. 1. 1. 1. 1. 1. 1. 1. 1. 1. 1. 1. 1. 1. 0. 0.
 0. 0. 0. 0. 0. 0. 0. 0. 0. 0. 0. 0. 0. 0. 0. 0. 0. 0. 0. 0.]"
NestedUNet,True,both,3,False,,"[0.8072142  0.81858051 0.81448817 0.82616353 0.80666727 0.81227469
 0.81947511 0.81231976 0.78557831 0.79206628 0.7866993  0.79216295
 0.80392355 0.81957155 0.81369895 0.81199372 0.8029269  0.80971038
 0.81202286 0.80359149 0.80753458 0.80233526]","[0.85102397 0.83278936 0.88964665 0.84469688 0.82923979 0.86191744
 0.89090395 0.83833706 0.83656454 0.91929036 0.8218208  0.83069873
 0.81220001 0.85795772 0.8085556  0.81265944 0.85334957 0.86459804
 0.82286525 0.85314023 0.85154366 0.89939976]","[1. 1. 1. 1. 1. 1. 1. 1. 1. 1. 1. 1. 1. 1. 1. 1. 1. 1. 1. 1. 1. 1. 0. 0.
 0. 0. 0. 0. 0. 0. 0. 0. 0. 0. 0. 0. 0. 0. 0. 0. 0. 0. 0. 0.]"
NestedUNet,True,open,3,False,,"[0.84648347 0.86379391 0.82410771 0.82589138 0.81642419 0.7950182
 0.80713981 0.8030138  0.80152726 0.80672967 0.82659912 0.79724157
 0.80773997 0.81602061 0.79363233 0.80891961 0.82105792 0.81491292
 0.8155967  0.80995512 0.8017363  0.81897867]","[0.84699076 0.83640242 0.88257742 0.8606177  0.82248068 0.88215166
 0.84858686 0.83133775 0.83181149 0.87692082 0.82768559 0.82470572
 0.81475925 0.83907175 0.81926858 0.81530112 0.85487354 0.87098634
 0.82355636 0.86896032 0.84871536 0.88064617]","[1. 1. 1. 1. 1. 1. 1. 1. 1. 1. 1. 1. 1. 1. 1. 1. 1. 1. 1. 1. 1. 1. 0. 0.
 0. 0. 0. 0. 0. 0. 0. 0. 0. 0. 0. 0. 0. 0. 0. 0. 0. 0. 0. 0.]"
NestedUNet,True,both,3,False,,"[0.80625015 0.80733478 0.7986691  0.80209768 0.83774543 0.80854422
 0.82589024 0.80337679 0.79860592 0.8024478  0.81264144 0.81243241
 0.79810464 0.80206007 0.8087284  0.80397832 0.80660659 0.813344
 0.81218761 0.78745383 0.81835473 0.7877751 ]","[0.86022389 0.84149677 0.85686213 0.84971297 0.82694721 0.85705328
 0.87223476 0.83459592 0.83627474 0.88588125 0.81944025 0.8268038
 0.82177436 0.83818477 0.82216311 0.82322282 0.86168545 0.88504207
 0.82278931 0.84891433 0.84550411 0.87213057]","[1. 1. 1. 1. 1. 1. 1. 1. 1. 1. 1. 1. 1. 1. 1. 1. 1. 1. 1. 1. 1. 1. 0. 0.
 0. 0. 0. 0. 0. 0. 0. 0. 0. 0. 0. 0. 0. 0. 0. 0. 0. 0. 0. 0.]"
NestedUNet,True,open,3,False,,"[0.78677666 0.81397867 0.80086535 0.79985273 0.80900109 0.80317706
 0.80611885 0.79103649 0.79434693 0.80415767 0.84511971 0.8034516
 0.79525453 0.79343617 0.83183604 0.79374588 0.81022298 0.79231876
 0.79876488 0.81375235 0.82839805 0.81707644]","[0.87177479 0.84507251 0.88647473 0.88080835 0.82712615 0.87884486
 0.86051202 0.84183508 0.84380281 0.89592129 0.82711673 0.83938384
 0.82642746 0.86584026 0.82669032 0.8211894  0.85689819 0.86711532
 0.83461773 0.85467529 0.87128341 0.87112421]","[1. 1. 1. 1. 1. 1. 1. 1. 1. 1. 1. 1. 1. 1. 1. 1. 1. 1. 1. 1. 1. 1. 0. 0.
 0. 0. 0. 0. 0. 0. 0. 0. 0. 0. 0. 0. 0. 0. 0. 0. 0. 0. 0. 0.]"
NestedUNet,True,open,3,True,0.1,"[3.32032323 3.33353996 3.3507967  3.33296418 3.3077302  3.34249043
 3.31646824 3.32182741 3.33590126 3.34620738 3.32217598 3.33227754
 3.32096958 3.33765006 3.30508089 3.35573769 3.34648538 3.35884953
 3.3319242  3.31550241 3.32602859 3.32963252]","[3.36652732 3.34842825 3.34916449 3.35255098 3.31327224 3.33613062
 3.32707024 3.34928441 3.34426069 3.33955669 3.35156822 3.32420516
 3.30192971 3.32424688 3.31344604 3.3342557  3.32897401 3.32118297
 3.34154058 3.36081576 3.3589139  3.34551764]","[1. 1. 1. 1. 1. 1. 1. 1. 1. 1. 1. 1. 1. 1. 1. 1. 1. 1. 1. 1. 1. 1. 0. 0.
 0. 0. 0. 0. 0. 0. 0. 0. 0. 0. 0. 0. 0. 0. 0. 0. 0. 0. 0. 0.]"
NestedUNet,True,both,3,False,,"[0.79289216 0.79140049 0.8171441  0.83204776 0.82346076 0.79204202
 0.82675207 0.80355781 0.8298099  0.81511378 0.80574036 0.78077513
 0.81516618 0.81999898 0.81036764 0.86939776 0.80249941 0.81277764
 0.79699004 0.84403861 0.81929553 0.84279895]","[0.86561173 0.84504986 0.90824229 0.86270165 0.82103151 0.86605203
 0.84604496 0.84850299 0.82962799 0.92771405 0.83821839 0.83136302
 0.81651205 0.86745882 0.81714892 0.8121562  0.85212988 0.88704634
 0.8301633  0.87140858 0.85103667 0.89037967]","[1. 1. 1. 1. 1. 1. 1. 1. 1. 1. 1. 1. 1. 1. 1. 1. 1. 1. 1. 1. 1. 1. 0. 0.
 0. 0. 0. 0. 0. 0. 0. 0. 0. 0. 0. 0. 0. 0. 0. 0. 0. 0. 0. 0.]"
NestedUNet,True,open,3,False,,"[0.93819952 0.88590068 0.8331489  0.84986854 0.86140168 0.81310338
 0.81884128 0.83158332 0.83429545 0.87045825 0.82576805 0.92282069
 0.86105776 0.85435009 0.86714035 0.84342331 0.84252536 0.85565829
 0.87272394 0.85928655 0.82044482 0.84206593]","[0.8529731  0.83176982 0.85747993 0.84786636 0.82104713 0.84228051
 0.85316491 0.88228071 0.83051282 0.85347903 0.82471251 0.81930566
 0.81137305 0.83813369 0.81023097 0.80845284 0.83053273 0.84830201
 0.8223421  0.83208197 0.83975697 0.85376322]","[1. 1. 1. 1. 1. 1. 1. 1. 1. 1. 1. 1. 1. 1. 1. 1. 1. 1. 1. 1. 1. 1. 0. 0.
 0. 0. 0. 0. 0. 0. 0. 0. 0. 0. 0. 0. 0. 0. 0. 0. 0. 0. 0. 0.]"
NestedUNet,True,both,3,False,,"[0.79533142 0.79907113 0.7913394  0.78877538 0.79655343 0.78102225
 0.78553414 0.79642862 0.80727518 0.77914011 0.79211372 0.77749747
 0.80139822 0.78662127 0.78344238 0.78608245 0.79273176 0.80966234
 0.80644786 0.80264246 0.79249597 0.78438759]","[0.86505431 0.85487449 0.89887357 0.86494792 0.84291279 0.86626983
 0.87390029 0.85903502 0.85184789 0.9239645  0.83236712 0.83933282
 0.82893479 0.86047816 0.82834208 0.81719685 0.8674081  0.88049406
 0.835464   0.85638493 0.86328602 0.87740332]","[1. 1. 1. 1. 1. 1. 1. 1. 1. 1. 1. 1. 1. 1. 1. 1. 1. 1. 1. 1. 1. 1. 0. 0.
 0. 0. 0. 0. 0. 0. 0. 0. 0. 0. 0. 0. 0. 0. 0. 0. 0. 0. 0. 0.]"
NestedUNet,True,open,3,False,,"[0.95444667 0.90815401 0.83715785 0.83036852 0.8374629  0.9217205
 0.85138816 0.85769355 0.81519663 0.86817813 0.87250364 0.81292295
 0.81430835 0.83805722 0.90967333 0.88930976 0.83840561 0.82023907
 0.85549122 0.83824939 0.86367869 0.86520195]","[0.84319687 0.82871085 0.8572014  0.84468639 0.82046604 0.84679693
 0.85290599 0.85537267 0.82550174 0.85304117 0.81471598 0.8163898
 0.81540036 0.82737833 0.8140139  0.80836618 0.83083063 0.86080456
 0.82250071 0.84194845 0.8392731  0.84036714]","[1. 1. 1. 1. 1. 1. 1. 1. 1. 1. 1. 1. 1. 1. 1. 1. 1. 1. 1. 1. 1. 1. 0. 0.
 0. 0. 0. 0. 0. 0. 0. 0. 0. 0. 0. 0. 0. 0. 0. 0. 0. 0. 0. 0.]"
NestedUNet,True,open,3,True,0.5,"[2.31513429 2.41912794 2.30991817 2.33704042 2.36023283 2.34670138
 2.33926368 2.32272696 2.31481647 2.35516024 2.4427824  2.33427787
 2.31492853 2.31903291 2.31448936 2.38638973 2.32222843 2.32929325
 2.38623381 2.34134054 2.38704944 2.31146717]","[2.29353142 2.3341403  2.31095243 2.34246898 2.29841185 2.32237005
 2.30926895 2.31776166 2.32321453 2.30683231 2.32161713 2.30054569
 2.29770517 2.2891655  2.29591393 2.2978034  2.32863355 2.29253292
 2.30615902 2.29054117 2.30660582 2.33574104]","[1. 1. 1. 1. 1. 1. 1. 1. 1. 1. 1. 1. 1. 1. 1. 1. 1. 1. 1. 1. 1. 1. 0. 0.
 0. 0. 0. 0. 0. 0. 0. 0. 0. 0. 0. 0. 0. 0. 0. 0. 0. 0. 0. 0.]"
NestedUNet,True,close,3,False,,"[0.83759063 0.81745124 0.78976798 0.80792266 0.80090326 0.8011167
 0.82092953 0.78410822 0.78879309 0.8000387  0.79257774 0.79910034
 0.81392467 0.79683602 0.79057986 0.82555181 0.78324842 0.79347157
 0.79718345 0.80149227 0.83230555 0.80365646]","[0.87057292 0.84385276 0.89688134 0.87182814 0.82754803 0.89928901
 0.88560355 0.84145653 0.85047269 0.92388451 0.83773744 0.82563955
 0.83746409 0.83925587 0.82473683 0.82228523 0.86707145 0.90943521
 0.84259087 0.86053848 0.86530018 0.89410394]","[1. 1. 1. 1. 1. 1. 1. 1. 1. 1. 1. 1. 1. 1. 1. 1. 1. 1. 1. 1. 1. 1. 0. 0.
 0. 0. 0. 0. 0. 0. 0. 0. 0. 0. 0. 0. 0. 0. 0. 0. 0. 0. 0. 0.]"
NestedUNet,True,close,3,False,,"[0.80970979 0.81979388 0.80693853 0.8373943  0.84311545 0.8126303
 0.80570674 0.88154507 0.82956815 0.81640756 0.81686389 0.82047939
 0.82256854 0.83897173 0.80411828 0.86923581 0.82141948 0.84914327
 0.81721288 0.80681294 0.85163903 0.80909956]","[0.8360517  0.82559705 0.86846161 0.84475505 0.8116076  0.84891129
 0.83246952 0.83400685 0.82311904 0.85831285 0.81547153 0.81001413
 0.81493348 0.8373211  0.81045127 0.80702782 0.83786654 0.86139882
 0.8184498  0.84954536 0.83260942 0.85308272]","[1. 1. 1. 1. 1. 1. 1. 1. 1. 1. 1. 1. 1. 1. 1. 1. 1. 1. 1. 1. 1. 1. 0. 0.
 0. 0. 0. 0. 0. 0. 0. 0. 0. 0. 0. 0. 0. 0. 0. 0. 0. 0. 0. 0.]"
NestedUNet,True,close,3,False,,"[0.77659923 0.77665436 0.78479683 0.7843743  0.77305007 0.77024412
 0.76615262 0.7810148  0.79148662 0.77894968 0.7961331  0.7814545
 0.77423126 0.78021771 0.77788985 0.78568673 0.77537751 0.78177035
 0.77745771 0.78869802 0.77769101 0.78355801]","[0.91653639 0.8794927  0.93269861 0.9113059  0.84911704 0.91546297
 0.91560113 0.86710143 0.85985929 0.94255739 0.84918076 0.82601082
 0.83636236 0.852247   0.8465488  0.85046601 0.86934489 0.93009418
 0.85937542 0.88670868 0.89978319 0.93881059]","[1. 1. 1. 1. 1. 1. 1. 1. 1. 1. 1. 1. 1. 1. 1. 1. 1. 1. 1. 1. 1. 1. 0. 0.
 0. 0. 0. 0. 0. 0. 0. 0. 0. 0. 0. 0. 0. 0. 0. 0. 0. 0. 0. 0.]"
NestedUNet,True,close,3,False,,"[0.8776812  0.84915423 0.84322643 0.85776436 0.83943647 0.83117777
 0.86098301 0.88926494 0.87974918 0.82850134 0.82319051 0.96479791
 0.82888633 0.85311866 0.8386606  0.85593522 0.89511722 0.94889748
 0.8308844  0.88918364 0.84774768 0.8544088 ]","[0.86067212 0.83997536 0.85993969 0.85438967 0.82590741 0.85456949
 0.83898246 0.88592148 0.82463598 0.8532232  0.82425123 0.82127464
 0.81365818 0.83846933 0.81390488 0.80977613 0.83638042 0.86047977
 0.82285941 0.83582568 0.85100883 0.85749513]","[1. 1. 1. 1. 1. 1. 1. 1. 1. 1. 1. 1. 1. 1. 1. 1. 1. 1. 1. 1. 1. 1. 0. 0.
 0. 0. 0. 0. 0. 0. 0. 0. 0. 0. 0. 0. 0. 0. 0. 0. 0. 0. 0. 0.]"
NestedUNet,True,open,3,True,200.0,"[0.9589709  0.9731251  1.108904   0.94620621 0.94604033 0.95263618
 0.96015263 0.9439702  0.99267387 0.92379224 0.97539926 0.94743168
 1.03016937 0.98165673 0.96132088 0.95331681 0.92470479 1.06567478
 0.98947489 1.02134931 1.05797648 1.0212065 ]","[0.93569332 0.93816561 0.97486329 0.9517625  0.93251979 0.96975511
 0.95093113 0.95422095 0.93166435 0.96778458 0.93158501 0.95391321
 0.92833292 0.92995721 0.93266201 0.93420851 0.96604872 0.98373574
 0.95173454 0.92144549 0.95901215 0.95878917]","[1. 1. 1. 1. 1. 1. 1. 1. 1. 1. 1. 1. 1. 1. 1. 1. 1. 1. 1. 1. 1. 1. 0. 0.
 0. 0. 0. 0. 0. 0. 0. 0. 0. 0. 0. 0. 0. 0. 0. 0. 0. 0. 0. 0.]"
NestedUNet,True,both,3,False,,"[0.80052507 0.79587835 0.8070367  0.7952193  0.79713959 0.78624392
 0.79455149 0.7924192  0.77529263 0.77959001 0.80806208 0.76871467
 0.79887235 0.80483067 0.79320365 0.77855635 0.77946359 0.79096425
 0.78125042 0.79142308 0.78670394 0.80368859]","[0.87525767 0.84896499 0.88361585 0.872585   0.82777476 0.88900322
 0.87929863 0.84442246 0.84257871 0.92733198 0.83985454 0.8381241
 0.83303636 0.83610046 0.82532799 0.82589644 0.85174704 0.89268273
 0.85178041 0.88497239 0.85786271 0.90959358]","[1. 1. 1. 1. 1. 1. 1. 1. 1. 1. 1. 1. 1. 1. 1. 1. 1. 1. 1. 1. 1. 1. 0. 0.
 0. 0. 0. 0. 0. 0. 0. 0. 0. 0. 0. 0. 0. 0. 0. 0. 0. 0. 0. 0.]"
NestedUNet,True,both,3,False,,"[0.80286115 0.88308918 0.83784789 0.80819076 0.81647009 0.81987977
 0.80766052 0.80181038 0.84751391 0.81753397 0.83694571 0.80651873
 0.84765923 0.84043807 0.81305856 0.82238519 0.79976785 0.82312417
 0.84863782 0.82050395 0.79724884 0.80673021]","[0.85249674 0.82609695 0.87610805 0.84067273 0.82394886 0.84536391
 0.84242606 0.82803905 0.82985759 0.86496007 0.81902862 0.81325918
 0.81653869 0.834786   0.8114332  0.80601454 0.84756041 0.84776145
 0.82971776 0.84715927 0.83437222 0.86400414]","[1. 1. 1. 1. 1. 1. 1. 1. 1. 1. 1. 1. 1. 1. 1. 1. 1. 1. 1. 1. 1. 1. 0. 0.
 0. 0. 0. 0. 0. 0. 0. 0. 0. 0. 0. 0. 0. 0. 0. 0. 0. 0. 0. 0.]"
NestedUNet,True,open,3,True,8.0,"[1.31037283 1.26683688 1.23780131 1.28555024 1.22253895 1.42389607
 1.28249323 1.23247552 1.35225821 1.28900123 1.2399888  1.24356031
 1.31625617 1.29254532 1.37990522 1.26146233 1.25380528 1.21364462
 1.45763206 1.23382318 1.353055   1.23517549]","[1.21293271 1.22790599 1.23876822 1.24409258 1.21932423 1.25317943
 1.21059513 1.18878925 1.20311081 1.23494601 1.22242737 1.24959159
 1.22227287 1.2027986  1.2246896  1.23987401 1.26860726 1.26596153
 1.25522435 1.17877483 1.24332356 1.24811518]","[1. 1. 1. 1. 1. 1. 1. 1. 1. 1. 1. 1. 1. 1. 1. 1. 1. 1. 1. 1. 1. 1. 0. 0.
 0. 0. 0. 0. 0. 0. 0. 0. 0. 0. 0. 0. 0. 0. 0. 0. 0. 0. 0. 0.]"
NestedUNet,True,both,3,False,,"[0.79637098 0.80026364 0.79549867 0.83711272 0.81168073 0.80935168
 0.83721858 0.79345763 0.79611349 0.78967083 0.80801833 0.81549096
 0.80178326 0.81321877 0.80108941 0.82237178 0.84210771 0.80944103
 0.79619426 0.80683446 0.80485815 0.83442855]","[0.85818595 0.8470341  0.87979573 0.86496496 0.83090627 0.87371093
 0.83386254 0.8564077  0.82828468 0.8825168  0.83390278 0.81597137
 0.81165588 0.83751738 0.81366676 0.817231   0.85419554 0.86570543
 0.83746505 0.86123466 0.85805833 0.88822532]","[1. 1. 1. 1. 1. 1. 1. 1. 1. 1. 1. 1. 1. 1. 1. 1. 1. 1. 1. 1. 1. 1. 0. 0.
 0. 0. 0. 0. 0. 0. 0. 0. 0. 0. 0. 0. 0. 0. 0. 0. 0. 0. 0. 0.]"
NestedUNet,True,both,3,False,,"[0.80418605 0.79445708 0.78682315 0.79549742 0.78770095 0.79408705
 0.78769737 0.79040927 0.80172503 0.7890439  0.79480773 0.78345776
 0.79327685 0.77625602 0.79625285 0.79162747 0.78296846 0.76859611
 0.80239099 0.78594685 0.78866428 0.77606171]","[0.88090336 0.86164713 0.89943129 0.87163484 0.83682573 0.88213974
 0.86864001 0.85836416 0.84539026 0.89664662 0.84492791 0.82760811
 0.82988811 0.84036261 0.81704277 0.81375563 0.86515337 0.85940492
 0.84373218 0.86617261 0.8659929  0.88997376]","[1. 1. 1. 1. 1. 1. 1. 1. 1. 1. 1. 1. 1. 1. 1. 1. 1. 1. 1. 1. 1. 1. 0. 0.
 0. 0. 0. 0. 0. 0. 0. 0. 0. 0. 0. 0. 0. 0. 0. 0. 0. 0. 0. 0.]"
NestedUNet,True,close,3,True,0.1,"[2.86232543 2.86022711 2.84990335 2.85447955 2.86456919 2.84582686
 2.81825519 2.8491137  2.83896065 2.86794305 2.86235285 2.86404848
 2.86363792 2.83156538 2.86758733 2.84407711 2.82623577 2.85811615
 2.83702445 2.84403253 2.84530282 2.81744623]","[2.83034897 2.83698344 2.87371683 2.84573722 2.87651634 2.85401726
 2.86406589 2.86729407 2.84640241 2.87377238 2.85638094 2.86911583
 2.87190723 2.87374592 2.872329   2.85834217 2.85658264 2.87157774
 2.84986877 2.86864853 2.84257078 2.84490108]","[1. 1. 1. 1. 1. 1. 1. 1. 1. 1. 1. 1. 1. 1. 1. 1. 1. 1. 1. 1. 1. 1. 0. 0.
 0. 0. 0. 0. 0. 0. 0. 0. 0. 0. 0. 0. 0. 0. 0. 0. 0. 0. 0. 0.]"
NestedUNet,True,close,3,True,0.5,"[2.57992601 2.60357547 2.5727818  2.59297085 2.59641552 2.58422422
 2.60710621 2.61307287 2.57935166 2.59310198 2.60512638 2.60009527
 2.56408501 2.55184793 2.58438706 2.61281395 2.59081602 2.57749033
 2.55562782 2.5804038  2.62553644 2.5993638 ]","[2.57603121 2.55575085 2.58127403 2.56369162 2.59700751 2.58990622
 2.59977436 2.57224798 2.59487343 2.59902501 2.56929564 2.60393333
 2.60390949 2.59904814 2.59545016 2.60449934 2.60709476 2.61839294
 2.59408522 2.57893896 2.5934124  2.56986094]","[1. 1. 1. 1. 1. 1. 1. 1. 1. 1. 1. 1. 1. 1. 1. 1. 1. 1. 1. 1. 1. 1. 0. 0.
 0. 0. 0. 0. 0. 0. 0. 0. 0. 0. 0. 0. 0. 0. 0. 0. 0. 0. 0. 0.]"
NestedUNet,True,close,3,True,200.0,"[1.05962491 0.93314779 0.93081582 0.98691022 0.95568871 0.95972717
 1.01176536 0.90543532 0.96383715 0.97903204 1.02449346 1.11795592
 0.98779047 0.92908287 0.94554347 0.97236055 1.06822491 0.94073713
 0.93992794 0.95216596 0.9267987  0.92662859]","[0.91783857 0.91635597 0.94755137 0.93541765 0.90951836 0.9470973
 0.92857069 0.93870735 0.90364867 0.94948941 0.91225147 0.92281783
 0.90110075 0.90509969 0.90359199 0.90474552 0.93828678 0.96208155
 0.92218912 0.9093405  0.93184739 0.93492818]","[1. 1. 1. 1. 1. 1. 1. 1. 1. 1. 1. 1. 1. 1. 1. 1. 1. 1. 1. 1. 1. 1. 0. 0.
 0. 0. 0. 0. 0. 0. 0. 0. 0. 0. 0. 0. 0. 0. 0. 0. 0. 0. 0. 0.]"
NestedUNet,True,close,3,True,8.0,"[1.23514068 1.22995245 1.24497747 1.37747765 1.20058143 1.25853133
 1.2037518  1.2102499  1.27106261 1.21072078 1.26459408 1.25794399
 1.2840544  1.27079844 1.24555933 1.27385139 1.30917442 1.37867916
 1.25901544 1.31067967 1.26557112 1.21104252]","[1.18920171 1.20532846 1.22133183 1.21643591 1.19439995 1.22789264
 1.20473361 1.18259394 1.20502937 1.21484554 1.20223868 1.22273958
 1.20253277 1.21853912 1.1972239  1.21311259 1.2476759  1.23935199
 1.23149145 1.1694572  1.21230292 1.22440326]","[1. 1. 1. 1. 1. 1. 1. 1. 1. 1. 1. 1. 1. 1. 1. 1. 1. 1. 1. 1. 1. 1. 0. 0.
 0. 0. 0. 0. 0. 0. 0. 0. 0. 0. 0. 0. 0. 0. 0. 0. 0. 0. 0. 0.]"
NestedUNet,True,both,3,True,0.1,"[2.97487545 2.97425628 3.00781345 2.98482728 2.97011709 2.98072815
 2.97141695 2.97566009 2.96786594 2.97621346 2.99115705 2.97357059
 2.96158814 2.95312119 2.97527742 2.97682762 2.99428701 2.94275069
 2.96932077 2.98260117 2.98843813 2.98197794]","[2.97116542 2.94918299 2.96565723 2.96021175 3.00205469 2.96550918
 2.98431826 2.97895145 2.9774406  2.96526051 2.9683733  2.98151231
 3.00177312 3.00039959 2.98865366 2.98500204 2.98199248 2.9903245
 2.97339511 2.97237015 2.96243644 2.95886326]","[1. 1. 1. 1. 1. 1. 1. 1. 1. 1. 1. 1. 1. 1. 1. 1. 1. 1. 1. 1. 1. 1. 0. 0.
 0. 0. 0. 0. 0. 0. 0. 0. 0. 0. 0. 0. 0. 0. 0. 0. 0. 0. 0. 0.]"
NestedUNet,True,both,3,True,0.5,"[2.53818965 2.51007271 2.51460361 2.5277729  2.52778101 2.5758431
 2.54107523 2.50573206 2.51920414 2.50846982 2.54243565 2.50187707
 2.48348761 2.52947187 2.47447729 2.51178265 2.49112487 2.51167631
 2.53952503 2.48147488 2.50617719 2.50633597]","[2.5003233  2.49779701 2.51711559 2.52375984 2.49707842 2.53938413
 2.50418758 2.49526191 2.49827576 2.52707171 2.5122509  2.52946281
 2.49229956 2.48637486 2.49880028 2.52143955 2.54131484 2.52480936
 2.52310371 2.49681234 2.52581239 2.52005434]","[1. 1. 1. 1. 1. 1. 1. 1. 1. 1. 1. 1. 1. 1. 1. 1. 1. 1. 1. 1. 1. 1. 0. 0.
 0. 0. 0. 0. 0. 0. 0. 0. 0. 0. 0. 0. 0. 0. 0. 0. 0. 0. 0. 0.]"
NestedUNet,True,both,3,True,200.0,"[0.95164025 0.95858425 0.96431875 0.94729656 0.9574281  1.10408235
 0.99298292 0.97849077 1.06376398 0.93457526 0.92612797 0.93994915
 0.94673884 0.96445882 1.08852696 0.94738251 0.9311983  0.93970245
 0.96914619 0.96603453 0.96298766 0.92549163]","[0.93762028 0.94111276 0.96729475 0.95476592 0.92745781 0.96690679
 0.94355464 0.95742905 0.92318493 0.96620703 0.93369079 0.94113803
 0.92328519 0.9215216  0.92696571 0.92443949 0.96270037 0.97457176
 0.9463768  0.92147189 0.9575721  0.95547974]","[1. 1. 1. 1. 1. 1. 1. 1. 1. 1. 1. 1. 1. 1. 1. 1. 1. 1. 1. 1. 1. 1. 0. 0.
 0. 0. 0. 0. 0. 0. 0. 0. 0. 0. 0. 0. 0. 0. 0. 0. 0. 0. 0. 0.]"
NestedUNet,True,both,3,True,8.0,"[1.24758935 1.28107977 1.3649267  1.28792953 1.26367843 1.32906103
 1.36575913 1.23542047 1.33735836 1.25910771 1.36202848 1.28001344
 1.36799562 1.35731459 1.40641224 1.32137012 1.25890374 1.29207611
 1.22504687 1.33162761 1.3112433  1.24833751]","[1.23028326 1.24580538 1.26131988 1.2558341  1.22451663 1.27408612
 1.22487187 1.20571327 1.21979535 1.2676518  1.24434853 1.26437199
 1.2359941  1.21752477 1.23864639 1.25844681 1.28018355 1.27577043
 1.26000476 1.20976675 1.25619149 1.26123881]","[1. 1. 1. 1. 1. 1. 1. 1. 1. 1. 1. 1. 1. 1. 1. 1. 1. 1. 1. 1. 1. 1. 0. 0.
 0. 0. 0. 0. 0. 0. 0. 0. 0. 0. 0. 0. 0. 0. 0. 0. 0. 0. 0. 0.]"
NestedUNet,False,,,True,0.1,"[2.55049443 2.55349517 2.54748106 2.56358647 2.53821325 2.55393505
 2.54596567 2.58202696 2.52200818 2.52012491 2.56745291 2.51240396
 2.55177736 2.55695295 2.54988027 2.55059361 2.57360387 2.55689716
 2.55329514 2.52875495 2.52585316 2.51320934]","[2.53283811 2.50151014 2.50956297 2.50507236 2.60703754 2.51434278
 2.56183434 2.53904748 2.56846476 2.53349519 2.51900959 2.56201768
 2.59528661 2.55377603 2.56230688 2.56565475 2.56281853 2.57741022
 2.55707693 2.52070093 2.54169011 2.52249527]","[1. 1. 1. 1. 1. 1. 1. 1. 1. 1. 1. 1. 1. 1. 1. 1. 1. 1. 1. 1. 1. 1. 0. 0.
 0. 0. 0. 0. 0. 0. 0. 0. 0. 0. 0. 0. 0. 0. 0. 0. 0. 0. 0. 0.]"
NestedUNet,False,,,False,,"[0.78116536 0.79279852 0.80730677 0.79711986 0.79883099 0.77873117
 0.82609856 0.78679955 0.79933679 0.82854289 0.78983951 0.78455561
 0.7990312  0.80407226 0.80599689 0.80764437 0.83995235 0.79401636
 0.80332094 0.8119939  0.78529876 0.78093052]","[0.8696239  0.84742492 0.89106488 0.85866064 0.83267015 0.86836767
 0.88664091 0.85582018 0.84383208 0.90380168 0.83592254 0.84877723
 0.8250156  0.84831226 0.82308429 0.82193643 0.87437725 0.88578784
 0.84852362 0.88021797 0.85796094 0.88695621]","[1. 1. 1. 1. 1. 1. 1. 1. 1. 1. 1. 1. 1. 1. 1. 1. 1. 1. 1. 1. 1. 1. 0. 0.
 0. 0. 0. 0. 0. 0. 0. 0. 0. 0. 0. 0. 0. 0. 0. 0. 0. 0. 0. 0.]"
NestedUNet,False,,,True,0.1,"[2.83246684 2.81289554 2.80955505 2.80072784 2.7960012  2.80946732
 2.77580047 2.82562494 2.82041287 2.8167038  2.81549406 2.81995296
 2.80219221 2.80625486 2.80362391 2.81392002 2.78507805 2.81281042
 2.79212022 2.81365061 2.81933141 2.75867772]","[2.81382227 2.80244279 2.77340412 2.81172276 2.82526302 2.79807401
 2.79884958 2.79039311 2.7786653  2.801893   2.80277824 2.81322956
 2.81780052 2.81137252 2.82562184 2.81831098 2.80818343 2.81108618
 2.80138683 2.81407642 2.80759239 2.81504488]","[1. 1. 1. 1. 1. 1. 1. 1. 1. 1. 1. 1. 1. 1. 1. 1. 1. 1. 1. 1. 1. 1. 0. 0.
 0. 0. 0. 0. 0. 0. 0. 0. 0. 0. 0. 0. 0. 0. 0. 0. 0. 0. 0. 0.]"
NestedUNet,False,,,False,,"[0.78610849 0.76481688 0.78155321 0.78705674 0.81566501 0.76565194
 0.7953853  0.77672732 0.78577679 0.78483659 0.77145296 0.78440917
 0.77844924 0.7833159  0.77913642 0.78109294 0.78987956 0.79738396
 0.78351289 0.77407366 0.78445929 0.77585405]","[0.88666523 0.87893605 0.93951297 0.8949911  0.85170835 0.9032234
 0.91660184 0.85106558 0.86440623 0.96736705 0.86141431 0.85414577
 0.84178329 0.8825444  0.84097564 0.84277189 0.87311006 0.91959161
 0.8590439  0.89702082 0.89145511 0.94817507]","[1. 1. 1. 1. 1. 1. 1. 1. 1. 1. 1. 1. 1. 1. 1. 1. 1. 1. 1. 1. 1. 1. 0. 0.
 0. 0. 0. 0. 0. 0. 0. 0. 0. 0. 0. 0. 0. 0. 0. 0. 0. 0. 0. 0.]"
NestedUNet,False,,,True,0.5,"[2.23350286 2.27699041 2.25220156 2.2454648  2.27315998 2.27316093
 2.22790647 2.29233742 2.2925539  2.36424589 2.28134894 2.32648611
 2.34173179 2.23870921 2.22745991 2.3036263  2.26036644 2.24412489
 2.28486085 2.27314281 2.2734201  2.28509545]","[2.23321795 2.22060251 2.27938318 2.25850177 2.25163007 2.27077484
 2.23437333 2.21876001 2.2388308  2.27324843 2.24831772 2.26678705
 2.25954628 2.23935461 2.26567626 2.26754999 2.2747457  2.28102112
 2.25926971 2.23383617 2.26152849 2.25980997]","[1. 1. 1. 1. 1. 1. 1. 1. 1. 1. 1. 1. 1. 1. 1. 1. 1. 1. 1. 1. 1. 1. 0. 0.
 0. 0. 0. 0. 0. 0. 0. 0. 0. 0. 0. 0. 0. 0. 0. 0. 0. 0. 0. 0.]"
NestedUNet,False,,,False,,"[0.86331332 0.81942236 0.79900736 0.82379913 0.79250002 0.81867325
 0.82876134 0.79588699 0.7978192  0.84034067 0.80344599 0.8069216
 0.80296385 0.80615884 0.79596758 0.81385422 0.80879694 0.81639647
 0.8121165  0.7891106  0.8009007  0.78807354]","[0.85123616 0.83441019 0.88288522 0.84113538 0.82360125 0.85417902
 0.8558439  0.83439016 0.82995319 0.89530241 0.82590818 0.82324255
 0.81561065 0.84130681 0.81472045 0.81068385 0.83911109 0.88445282
 0.82243431 0.84343463 0.83672088 0.87816805]","[1. 1. 1. 1. 1. 1. 1. 1. 1. 1. 1. 1. 1. 1. 1. 1. 1. 1. 1. 1. 1. 1. 0. 0.
 0. 0. 0. 0. 0. 0. 0. 0. 0. 0. 0. 0. 0. 0. 0. 0. 0. 0. 0. 0.]"
NestedUNet,False,,,True,0.5,"[2.40758514 2.45061851 2.42997384 2.44869995 2.41639972 2.42578888
 2.43114567 2.47766495 2.51500964 2.43529153 2.4494431  2.44459343
 2.45912242 2.46433306 2.42882228 2.44669056 2.46212888 2.46314168
 2.42388177 2.46701074 2.47331977 2.44726157]","[2.40921593 2.44012356 2.42827654 2.41580629 2.41822791 2.42710042
 2.42679358 2.40977383 2.44115973 2.42207718 2.40159893 2.43471432
 2.42273355 2.412781   2.42170215 2.43242383 2.43931508 2.43888259
 2.43435216 2.38715458 2.4199245  2.41992259]","[1. 1. 1. 1. 1. 1. 1. 1. 1. 1. 1. 1. 1. 1. 1. 1. 1. 1. 1. 1. 1. 1. 0. 0.
 0. 0. 0. 0. 0. 0. 0. 0. 0. 0. 0. 0. 0. 0. 0. 0. 0. 0. 0. 0.]"
NestedUNet,False,,,False,,"[0.82177663 0.80143785 0.80283618 0.81387174 0.83478254 0.81238222
 0.80809522 0.82382894 0.7985363  0.79276752 0.8172769  0.83748329
 0.86258739 0.79098374 0.81853563 0.8144629  0.80611449 0.87705028
 0.79762137 0.8367449  0.83631176 0.80075228]","[0.85103822 0.83992833 0.88413739 0.84159875 0.81987977 0.85538954
 0.85800052 0.83167237 0.82493961 0.86442912 0.82310724 0.82504165
 0.81567866 0.83251768 0.82373774 0.81221914 0.84101361 0.86737198
 0.82453859 0.85467046 0.84202546 0.85954094]","[1. 1. 1. 1. 1. 1. 1. 1. 1. 1. 1. 1. 1. 1. 1. 1. 1. 1. 1. 1. 1. 1. 0. 0.
 0. 0. 0. 0. 0. 0. 0. 0. 0. 0. 0. 0. 0. 0. 0. 0. 0. 0. 0. 0.]"
NestedUNet,False,,,False,,"[0.80400854 0.80815423 0.78591657 0.84036541 0.82501686 0.79639488
 0.82258892 0.78791684 0.81044984 0.80867875 0.81198633 0.82724971
 0.79638433 0.80347431 0.79658449 0.83390659 0.82034254 0.80118716
 0.81712365 0.80127794 0.81153089 0.79095459]","[0.85529578 0.83694947 0.89092278 0.85354531 0.84630448 0.86493784
 0.86979288 0.83947086 0.84227711 0.88520694 0.82376635 0.83177614
 0.82580739 0.83665854 0.82670444 0.81951344 0.84807473 0.89885539
 0.83017015 0.85390443 0.8545568  0.89606893]","[1. 1. 1. 1. 1. 1. 1. 1. 1. 1. 1. 1. 1. 1. 1. 1. 1. 1. 1. 1. 1. 1. 0. 0.
 0. 0. 0. 0. 0. 0. 0. 0. 0. 0. 0. 0. 0. 0. 0. 0. 0. 0. 0. 0.]"
NestedUNet,False,,,True,200.0,"[0.9822982  1.00962424 0.94785982 0.96102244 0.94572413 0.94967592
 0.97055686 1.16347039 0.97522986 0.94485688 0.97971338 1.07453382
 1.09160316 1.11302829 0.96587908 0.94853687 0.92676157 1.12609148
 1.05635905 1.08448911 0.94998771 0.95643383]","[0.93496323 0.93657112 0.97618175 0.95406008 0.92840421 0.96375829
 0.93805802 0.94825912 0.92113507 0.96776301 0.93641257 0.94781858
 0.92556715 0.91741884 0.92438442 0.92351371 0.96946454 0.9868356
 0.94635302 0.92341805 0.95414442 0.95452774]","[1. 1. 1. 1. 1. 1. 1. 1. 1. 1. 1. 1. 1. 1. 1. 1. 1. 1. 1. 1. 1. 1. 0. 0.
 0. 0. 0. 0. 0. 0. 0. 0. 0. 0. 0. 0. 0. 0. 0. 0. 0. 0. 0. 0.]"
NestedUNet,False,,,False,,"[0.81106073 0.80881816 0.8191914  0.8035863  0.82102877 0.80816323
 0.82572103 0.82202584 0.79244113 0.82829183 0.80714297 0.82737356
 0.80999976 0.84815598 0.81900918 0.79726881 0.81490439 0.85364294
 0.85407686 0.81061399 0.83095503 0.79253548]","[0.85619342 0.84392142 0.86763799 0.86052805 0.83668137 0.86511302
 0.87419224 0.85831678 0.83151656 0.8650521  0.82762444 0.81421655
 0.81288469 0.82966793 0.81748646 0.80544949 0.85114115 0.8561008
 0.82078946 0.8461495  0.85029626 0.87229335]","[1. 1. 1. 1. 1. 1. 1. 1. 1. 1. 1. 1. 1. 1. 1. 1. 1. 1. 1. 1. 1. 1. 0. 0.
 0. 0. 0. 0. 0. 0. 0. 0. 0. 0. 0. 0. 0. 0. 0. 0. 0. 0. 0. 0.]"
NestedUNet,False,,,True,200.0,"[0.94975197 0.98755896 1.01809406 0.9580338  1.01833081 0.98821592
 1.04278934 1.08266628 0.97681558 1.0319494  0.93815255 0.98707986
 1.17496347 0.99477863 0.9992131  1.02054369 0.97456592 0.97715032
 0.96645665 1.00821507 0.9818176  0.95514286]","[0.95267761 0.95550257 0.98380196 0.96703792 0.94719172 0.97643661
 0.95697421 0.96471077 0.94423562 0.97374535 0.95198834 0.95481664
 0.94666648 0.94093192 0.94110513 0.94257993 0.98106426 0.9914034
 0.96215641 0.94115186 0.96469724 0.96658206]","[1. 1. 1. 1. 1. 1. 1. 1. 1. 1. 1. 1. 1. 1. 1. 1. 1. 1. 1. 1. 1. 1. 0. 0.
 0. 0. 0. 0. 0. 0. 0. 0. 0. 0. 0. 0. 0. 0. 0. 0. 0. 0. 0. 0.]"
NestedUNet,False,,,False,,"[0.81264442 0.79855222 0.78850073 0.79550952 0.79750031 0.80760449
 0.83917654 0.8050456  0.79514194 0.83262545 0.78804111 0.81085533
 0.80658519 0.7843926  0.79672831 0.80437237 0.78879672 0.7976864
 0.82375407 0.80369902 0.7857548  0.80596179]","[0.85651445 0.84546584 0.89370155 0.87892413 0.83734047 0.87721473
 0.85909653 0.84111786 0.83935207 0.93229687 0.83750045 0.83001882
 0.84465665 0.8607673  0.84237087 0.82191145 0.85795927 0.91159636
 0.83678496 0.88703483 0.86939406 0.89144367]","[1. 1. 1. 1. 1. 1. 1. 1. 1. 1. 1. 1. 1. 1. 1. 1. 1. 1. 1. 1. 1. 1. 0. 0.
 0. 0. 0. 0. 0. 0. 0. 0. 0. 0. 0. 0. 0. 0. 0. 0. 0. 0. 0. 0.]"
NestedUNet,False,,,True,8.0,"[1.21747363 1.21390462 1.31046927 1.21214283 1.39039254 1.31269884
 1.39645982 1.20470083 1.33230138 1.4169457  1.2974999  1.37643957
 1.25788498 1.19180751 1.21458578 1.32370448 1.21168029 1.27210259
 1.26560009 1.26972651 1.25666988 1.29168272]","[1.19000125 1.20115423 1.21451998 1.21750534 1.19110465 1.23079014
 1.19611979 1.1708529  1.18827331 1.21535516 1.19790089 1.21248007
 1.19432497 1.19377863 1.19075775 1.20348859 1.24311316 1.23859894
 1.22122192 1.16037929 1.21598196 1.21945119]","[1. 1. 1. 1. 1. 1. 1. 1. 1. 1. 1. 1. 1. 1. 1. 1. 1. 1. 1. 1. 1. 1. 0. 0.
 0. 0. 0. 0. 0. 0. 0. 0. 0. 0. 0. 0. 0. 0. 0. 0. 0. 0. 0. 0.]"
NestedUNet,False,,,False,,"[0.83079183 0.80467761 0.82958823 0.85576808 0.83441681 0.83318084
 0.81665778 0.81275058 0.83151257 0.82313997 0.81789327 0.84612811
 0.81602299 0.82889855 0.84835595 0.80470163 0.82768959 0.81348443
 0.85466486 0.89561415 0.82786787 0.79957706]","[0.84710419 0.82995564 0.85871625 0.84169567 0.82251132 0.84570295
 0.85100079 0.83746266 0.82824516 0.88691849 0.81809622 0.81832343
 0.81305051 0.82477105 0.81754386 0.80767506 0.83917832 0.84843975
 0.81607217 0.83922815 0.8347199  0.86571813]","[1. 1. 1. 1. 1. 1. 1. 1. 1. 1. 1. 1. 1. 1. 1. 1. 1. 1. 1. 1. 1. 1. 0. 0.
 0. 0. 0. 0. 0. 0. 0. 0. 0. 0. 0. 0. 0. 0. 0. 0. 0. 0. 0. 0.]"
NestedUNet,False,,,True,8.0,"[1.33260512 1.29181981 1.42933154 1.33472002 1.32639408 1.37544751
 1.28652906 1.29537547 1.24534893 1.23992085 1.30333447 1.2396301
 1.4227488  1.30595779 1.36978507 1.37333274 1.26104248 1.27826595
 1.38981903 1.23856544 1.26616836 1.23841882]","[1.2188201  1.22324157 1.25125921 1.24759507 1.20462942 1.26159358
 1.20063674 1.19181216 1.20954812 1.24799359 1.22683299 1.24433589
 1.21971464 1.19725013 1.22082162 1.23517907 1.27392495 1.26773596
 1.25253439 1.19151092 1.24891412 1.24932945]","[1. 1. 1. 1. 1. 1. 1. 1. 1. 1. 1. 1. 1. 1. 1. 1. 1. 1. 1. 1. 1. 1. 0. 0.
 0. 0. 0. 0. 0. 0. 0. 0. 0. 0. 0. 0. 0. 0. 0. 0. 0. 0. 0. 0.]"
NestedUNet,False,,,False,,"[0.78350073 0.79050159 0.77601445 0.81226057 0.78313565 0.77911812
 0.79956436 0.79476327 0.78632635 0.80800676 0.78737265 0.78113681
 0.81660175 0.78734732 0.82647347 0.78009355 0.78585005 0.80742592
 0.7916581  0.79860532 0.79532564 0.77956736]","[0.88916975 0.85263163 0.89866132 0.88213092 0.84215271 0.89632899
 0.87914324 0.87221628 0.85230953 0.91748565 0.84409964 0.83472705
 0.83032227 0.82995337 0.82205755 0.8208186  0.87838614 0.89786667
 0.84095907 0.87869918 0.88800657 0.89536047]","[1. 1. 1. 1. 1. 1. 1. 1. 1. 1. 1. 1. 1. 1. 1. 1. 1. 1. 1. 1. 1. 1. 0. 0.
 0. 0. 0. 0. 0. 0. 0. 0. 0. 0. 0. 0. 0. 0. 0. 0. 0. 0. 0. 0.]"
NestedUNet,False,,,True,0.1,"[3.29980135 3.32624412 3.2879343  3.32248187 3.29799724 3.31373119
 3.24330282 3.30890346 3.28382015 3.31184673 3.30277395 3.30463266
 3.30366921 3.3387351  3.3132205  3.27339983 3.27771401 3.33244896
 3.31076312 3.29366016 3.24644947 3.30563784]","[3.32318449 3.31072187 3.33374786 3.32265329 3.32638884 3.31974149
 3.32612896 3.30882287 3.32404566 3.34028816 3.32985449 3.34548187
 3.33120966 3.33996916 3.33316994 3.34071684 3.32827997 3.33631945
 3.33549213 3.34144592 3.334373   3.32752991]","[1. 1. 1. 1. 1. 1. 1. 1. 1. 1. 1. 1. 1. 1. 1. 1. 1. 1. 1. 1. 1. 1. 0. 0.
 0. 0. 0. 0. 0. 0. 0. 0. 0. 0. 0. 0. 0. 0. 0. 0. 0. 0. 0. 0.]"
NestedUNet,False,,,False,,"[0.79996943 0.83211935 0.80407798 0.79699063 0.80939817 0.81818449
 0.81096703 0.80141664 0.81131756 0.81923968 0.806234   0.78796107
 0.81745791 0.81814122 0.82055563 0.80495244 0.79240918 0.7973612
 0.81217712 0.80825931 0.80865335 0.78891855]","[0.87203026 0.8525337  0.88935548 0.85006392 0.82773107 0.87133396
 0.89723027 0.85072571 0.82675153 0.89710897 0.82332909 0.83377659
 0.81070191 0.82607585 0.82111645 0.81901556 0.84795737 0.86483389
 0.82322949 0.85746706 0.85733795 0.8826192 ]","[1. 1. 1. 1. 1. 1. 1. 1. 1. 1. 1. 1. 1. 1. 1. 1. 1. 1. 1. 1. 1. 1. 0. 0.
 0. 0. 0. 0. 0. 0. 0. 0. 0. 0. 0. 0. 0. 0. 0. 0. 0. 0. 0. 0.]"
NestedUNet,True,open,3,True,0.1,"[2.8216548  2.84092712 2.85844493 2.82542634 2.83308768 2.84444737
 2.84303713 2.84552336 2.84791112 2.84244251 2.85085249 2.84198904
 2.8360703  2.86695695 2.84831142 2.83488417 2.85521269 2.86820841
 2.85120869 2.83894014 2.86095881 2.84614801]","[2.84334517 2.83490705 2.82348132 2.82790494 2.87612629 2.84312797
 2.86116385 2.8471756  2.83831859 2.83472681 2.82787347 2.83082271
 2.85107136 2.85231352 2.85751128 2.83488655 2.82733798 2.82406235
 2.82921815 2.84405708 2.8464644  2.83406734]","[1. 1. 1. 1. 1. 1. 1. 1. 1. 1. 1. 1. 1. 1. 1. 1. 1. 1. 1. 1. 1. 1. 0. 0.
 0. 0. 0. 0. 0. 0. 0. 0. 0. 0. 0. 0. 0. 0. 0. 0. 0. 0. 0. 0.]"
NestedUNet,False,,,True,0.1,"[2.95813537 2.96550417 2.98179698 2.9725523  2.93841696 2.95906162
 2.96233463 2.95892906 3.00092173 2.9025743  2.94093132 2.97266388
 2.93188763 2.98152971 2.96598864 2.98679185 2.955549   2.93039989
 2.99787736 2.96713662 2.96165562 2.96191931]","[2.97105789 2.96066713 2.92831206 2.94293284 2.9891696  2.96341133
 2.97888064 2.95535493 2.96513295 2.96737313 2.94349313 2.96852207
 2.97869587 2.95261908 2.95232463 2.96950698 2.96936512 2.99261475
 2.97115636 2.96093082 2.97115946 2.95045066]","[1. 1. 1. 1. 1. 1. 1. 1. 1. 1. 1. 1. 1. 1. 1. 1. 1. 1. 1. 1. 1. 1. 0. 0.
 0. 0. 0. 0. 0. 0. 0. 0. 0. 0. 0. 0. 0. 0. 0. 0. 0. 0. 0. 0.]"
NestedUNet,False,,,False,,"[0.78730553 0.80555993 0.80187899 0.8037771  0.80791038 0.79871356
 0.80093831 0.80080378 0.80050665 0.79420793 0.79746842 0.82995015
 0.81253463 0.80280101 0.8341924  0.78033745 0.84801823 0.80934131
 0.78583634 0.80097038 0.80584109 0.7973181 ]","[0.86034709 0.83569384 0.8852303  0.8506254  0.83301991 0.8797698
 0.86405581 0.84695333 0.83928752 0.88046569 0.82011259 0.81960613
 0.81938809 0.8288312  0.81570798 0.81084192 0.85181516 0.86579162
 0.82840508 0.85507286 0.86397016 0.90142643]","[1. 1. 1. 1. 1. 1. 1. 1. 1. 1. 1. 1. 1. 1. 1. 1. 1. 1. 1. 1. 1. 1. 0. 0.
 0. 0. 0. 0. 0. 0. 0. 0. 0. 0. 0. 0. 0. 0. 0. 0. 0. 0. 0. 0.]"
NestedUNet,False,,,True,0.5,"[2.09771943 2.08368254 2.12650943 2.11932969 2.11431909 2.12132215
 2.12060332 2.13105154 2.12226677 2.07713342 2.14293885 2.0626905
 2.13857889 2.09468794 2.08151865 2.15396905 2.11025763 2.08709741
 2.20472264 2.09511352 2.12618542 2.08076215]","[2.07705569 2.07521558 2.0696795  2.09225965 2.09128475 2.10889435
 2.09313059 2.06715345 2.07435369 2.09385252 2.07915926 2.09754014
 2.07612109 2.06378698 2.07648945 2.09102821 2.11392212 2.10737324
 2.0902741  2.06478167 2.09673047 2.09931183]","[1. 1. 1. 1. 1. 1. 1. 1. 1. 1. 1. 1. 1. 1. 1. 1. 1. 1. 1. 1. 1. 1. 0. 0.
 0. 0. 0. 0. 0. 0. 0. 0. 0. 0. 0. 0. 0. 0. 0. 0. 0. 0. 0. 0.]"
NestedUNet,False,,,False,,"[0.81093162 0.80755681 0.80106747 0.79107821 0.82808495 0.79100209
 0.8270306  0.81511348 0.8019079  0.78726017 0.79059362 0.80612648
 0.80294728 0.7834602  0.80803293 0.80632645 0.7849102  0.81886959
 0.80196619 0.79486585 0.81794536 0.78549415]","[0.86890781 0.84254605 0.88358784 0.87496883 0.82865947 0.87317461
 0.87118411 0.84941161 0.83930403 0.88824576 0.82454228 0.8254841
 0.82347184 0.84200537 0.8190788  0.81286478 0.85350037 0.88422018
 0.82927591 0.86829883 0.8742919  0.8787688 ]","[1. 1. 1. 1. 1. 1. 1. 1. 1. 1. 1. 1. 1. 1. 1. 1. 1. 1. 1. 1. 1. 1. 0. 0.
 0. 0. 0. 0. 0. 0. 0. 0. 0. 0. 0. 0. 0. 0. 0. 0. 0. 0. 0. 0.]"
NestedUNet,True,open,3,True,0.5,"[2.41070223 2.44729471 2.44032741 2.49294734 2.46982574 2.50942183
 2.45732689 2.44383478 2.47462177 2.43104076 2.45094848 2.56433201
 2.53363776 2.46441531 2.45050716 2.48459721 2.50388384 2.53137946
 2.48538733 2.46270275 2.48651123 2.44828367]","[2.43901491 2.46700335 2.44322896 2.46399403 2.43799806 2.46499062
 2.44913745 2.44528246 2.45557189 2.44829464 2.44733834 2.43450117
 2.42622232 2.40589428 2.42099595 2.42905855 2.46201348 2.44325519
 2.45800304 2.42161989 2.45789647 2.46828103]","[1. 1. 1. 1. 1. 1. 1. 1. 1. 1. 1. 1. 1. 1. 1. 1. 1. 1. 1. 1. 1. 1. 0. 0.
 0. 0. 0. 0. 0. 0. 0. 0. 0. 0. 0. 0. 0. 0. 0. 0. 0. 0. 0. 0.]"
NestedUNet,False,,,True,0.5,"[2.8247242  2.82576585 2.83145642 2.81900549 2.8107779  2.82695866
 2.83306551 2.81493187 2.82727456 2.82004333 2.82082129 2.83285642
 2.82208109 2.83646774 2.81863523 2.82673097 2.84415007 2.80820751
 2.84681916 2.83111572 2.80060387 2.83202076]","[2.81462431 2.82195306 2.81414151 2.82176113 2.80101061 2.82229233
 2.79822564 2.79883838 2.79208422 2.82593393 2.82157707 2.81672573
 2.79932404 2.79373932 2.80238819 2.81123734 2.81570482 2.81297708
 2.81931829 2.80442858 2.80916309 2.81857753]","[1. 1. 1. 1. 1. 1. 1. 1. 1. 1. 1. 1. 1. 1. 1. 1. 1. 1. 1. 1. 1. 1. 0. 0.
 0. 0. 0. 0. 0. 0. 0. 0. 0. 0. 0. 0. 0. 0. 0. 0. 0. 0. 0. 0.]"
NestedUNet,False,,,True,200.0,"[0.94805676 0.94930804 0.93428785 0.9161008  0.99589288 0.99925822
 0.93793392 0.94919926 0.93623573 0.96101797 0.95946413 1.00893426
 0.93341625 1.02309406 0.92952478 0.95855635 0.98786986 0.96263862
 0.92685497 0.94639015 0.95884168 1.00910854]","[0.92588413 0.91723472 0.96523136 0.93923801 0.92319703 0.954678
 0.93596244 0.9467532  0.91925234 0.95765948 0.91425633 0.93918765
 0.91708666 0.90652949 0.91407907 0.918679   0.95265406 0.97188163
 0.93806601 0.90832502 0.94362485 0.94703233]","[1. 1. 1. 1. 1. 1. 1. 1. 1. 1. 1. 1. 1. 1. 1. 1. 1. 1. 1. 1. 1. 1. 0. 0.
 0. 0. 0. 0. 0. 0. 0. 0. 0. 0. 0. 0. 0. 0. 0. 0. 0. 0. 0. 0.]"
NestedUNet,True,open,3,True,200.0,"[0.94989944 0.9202373  0.94477475 0.98420483 0.96997917 1.06431901
 1.00166595 1.01675928 0.97752738 0.9588632  1.16751146 0.92559886
 1.01257944 0.97269267 0.95798826 1.08133769 0.93554068 0.95106542
 0.95025992 0.95681685 0.95143914 0.98584557]","[0.93615311 0.9327997  0.97377253 0.95113456 0.9232403  0.96063256
 0.94127965 0.95892835 0.92021394 0.97330916 0.94283926 0.94432116
 0.92473018 0.92555493 0.92792076 0.92285466 0.95228928 0.9749096
 0.94537717 0.92786235 0.94933504 0.95793033]","[1. 1. 1. 1. 1. 1. 1. 1. 1. 1. 1. 1. 1. 1. 1. 1. 1. 1. 1. 1. 1. 1. 0. 0.
 0. 0. 0. 0. 0. 0. 0. 0. 0. 0. 0. 0. 0. 0. 0. 0. 0. 0. 0. 0.]"
NestedUNet,False,,,True,200.0,"[1.00374675 1.07622361 0.99225861 0.99710935 0.94181311 0.94919449
 0.94243586 0.93313831 1.09073389 0.93258858 0.98561275 1.01968098
 0.94353503 1.05280328 0.92962533 0.94023514 0.95708114 0.93132395
 0.94769812 1.01877189 0.96084893 0.96194065]","[0.92653012 0.92832077 0.96343887 0.94024134 0.92714018 0.95279157
 0.95220232 0.94613469 0.92446005 0.95133036 0.92020476 0.94217086
 0.92162234 0.92051935 0.92313617 0.921408   0.95963973 0.97145885
 0.94083065 0.91041994 0.93961573 0.94790661]","[1. 1. 1. 1. 1. 1. 1. 1. 1. 1. 1. 1. 1. 1. 1. 1. 1. 1. 1. 1. 1. 1. 0. 0.
 0. 0. 0. 0. 0. 0. 0. 0. 0. 0. 0. 0. 0. 0. 0. 0. 0. 0. 0. 0.]"
NestedUNet,False,,,True,8.0,"[1.21877933 1.32234812 1.2457912  1.22522283 1.27745366 1.23888397
 1.2208364  1.28633773 1.25506091 1.2739377  1.24846804 1.46429729
 1.21802354 1.41674638 1.24924231 1.19196367 1.24600029 1.26011217
 1.22377312 1.29429412 1.20690823 1.23724174]","[1.19798338 1.21093214 1.22024596 1.22639263 1.19986987 1.23598826
 1.1963563  1.17949665 1.19817472 1.21736693 1.21078944 1.22309327
 1.20850337 1.19196403 1.20092928 1.21451354 1.24974895 1.24591827
 1.23325443 1.17743909 1.22240114 1.22868586]","[1. 1. 1. 1. 1. 1. 1. 1. 1. 1. 1. 1. 1. 1. 1. 1. 1. 1. 1. 1. 1. 1. 0. 0.
 0. 0. 0. 0. 0. 0. 0. 0. 0. 0. 0. 0. 0. 0. 0. 0. 0. 0. 0. 0.]"
NestedUNet,True,open,3,True,8.0,"[1.27494347 1.26011765 1.32445717 1.41127169 1.27158356 1.25819206
 1.2731179  1.36455679 1.25197637 1.35369897 1.38353419 1.35326624
 1.31279683 1.35085678 1.22584093 1.30572319 1.31939888 1.25436175
 1.25913286 1.31043005 1.29291618 1.3013624 ]","[1.22690129 1.23233938 1.25400019 1.25765944 1.22140479 1.27254331
 1.22247434 1.19491386 1.22833872 1.25997758 1.24162745 1.2590791
 1.2371732  1.22653723 1.23770607 1.25470722 1.2820015  1.2741313
 1.2705121  1.19867969 1.25676334 1.26254272]","[1. 1. 1. 1. 1. 1. 1. 1. 1. 1. 1. 1. 1. 1. 1. 1. 1. 1. 1. 1. 1. 1. 0. 0.
 0. 0. 0. 0. 0. 0. 0. 0. 0. 0. 0. 0. 0. 0. 0. 0. 0. 0. 0. 0.]"
NestedUNet,False,,,True,8.0,"[1.22285545 1.29139042 1.21347713 1.41966999 1.24260044 1.23311782
 1.47326827 1.29137635 1.36382723 1.29549289 1.199314   1.34319913
 1.21494603 1.27011466 1.33121371 1.25287139 1.4348129  1.28247869
 1.28615689 1.21945834 1.23190498 1.29015076]","[1.20622134 1.21909833 1.23891509 1.24208784 1.21386862 1.2526195
 1.2027576  1.18004978 1.20362556 1.2415781  1.21568024 1.24801683
 1.22549295 1.19884682 1.22443378 1.23872864 1.26957858 1.26666272
 1.2500726  1.18121946 1.23795974 1.24674797]","[1. 1. 1. 1. 1. 1. 1. 1. 1. 1. 1. 1. 1. 1. 1. 1. 1. 1. 1. 1. 1. 1. 0. 0.
 0. 0. 0. 0. 0. 0. 0. 0. 0. 0. 0. 0. 0. 0. 0. 0. 0. 0. 0. 0.]"
NestedUNet,True,close,3,True,200.0,"[1.0727371  0.93590307 0.93210918 0.91348422 0.94095057 0.94070458
 0.97572845 0.98661256 0.9697662  0.93357688 1.0002135  0.9877311
 1.00475156 0.95760548 0.95243573 0.93061507 1.088323   0.92436522
 0.92604589 1.03124809 0.9267168  1.09509754]","[0.93654519 0.92768955 0.95661461 0.93970579 0.92375332 0.95012808
 0.9397127  0.95695651 0.91797453 0.95354915 0.92213732 0.93555814
 0.91215307 0.91687244 0.9169538  0.91791207 0.94951689 0.968153
 0.93603539 0.90821368 0.9448272  0.94673693]","[1. 1. 1. 1. 1. 1. 1. 1. 1. 1. 1. 1. 1. 1. 1. 1. 1. 1. 1. 1. 1. 1. 0. 0.
 0. 0. 0. 0. 0. 0. 0. 0. 0. 0. 0. 0. 0. 0. 0. 0. 0. 0. 0. 0.]"
NestedUNet,False,,,True,0.1,"[2.9421916  2.92129517 2.9345696  3.00392485 2.91366529 2.93753004
 2.94550633 2.92354059 2.92847109 2.98919344 2.93790245 2.94088888
 2.98423743 2.96511817 2.94613671 2.97124624 2.90064406 2.93756175
 2.96057272 2.95217657 2.90627527 2.97137046]","[2.94308472 2.97652483 2.92218328 2.96686983 2.94992733 2.95210791
 2.95672846 2.94979811 2.96739197 2.94708824 2.96190238 2.94883943
 2.95346808 2.93064284 2.9399066  2.94719815 2.95952559 2.94695783
 2.96487451 2.93083715 2.95453811 2.96660709]","[1. 1. 1. 1. 1. 1. 1. 1. 1. 1. 1. 1. 1. 1. 1. 1. 1. 1. 1. 1. 1. 1. 0. 0.
 0. 0. 0. 0. 0. 0. 0. 0. 0. 0. 0. 0. 0. 0. 0. 0. 0. 0. 0. 0.]"
NestedUNet,True,close,3,True,0.1,"[2.96302533 2.94929504 2.92698002 2.92236829 2.94958997 2.94800639
 2.95074081 2.93197107 2.98724604 2.92179108 2.97000504 2.99968123
 2.90322852 2.94110036 2.99333644 2.9136982  2.9285984  2.96344185
 2.92349529 2.95709038 2.92880464 2.93177605]","[2.9404273  2.90705729 2.94320703 2.91374493 2.98825836 2.92280245
 2.96454692 2.97291207 2.94329882 2.93131161 2.93265128 2.92895007
 2.98537087 2.96814728 2.95681238 2.94086266 2.93091226 2.95812964
 2.92753077 2.95903873 2.92743206 2.9150486 ]","[1. 1. 1. 1. 1. 1. 1. 1. 1. 1. 1. 1. 1. 1. 1. 1. 1. 1. 1. 1. 1. 1. 0. 0.
 0. 0. 0. 0. 0. 0. 0. 0. 0. 0. 0. 0. 0. 0. 0. 0. 0. 0. 0. 0.]"
NestedUNet,False,,,True,0.1,"[3.07626295 3.06284165 2.98424172 3.05834985 3.05610609 3.01939678
 3.03606677 3.02918649 3.03422213 3.05518055 3.03912616 2.97626328
 3.0644114  3.0520668  3.03042221 3.02456903 3.04350281 3.05471468
 3.03967977 3.02577066 3.06687117 3.03653383]","[3.04191709 3.04706478 3.06178856 3.05518293 3.01909924 3.06745505
 3.06139684 3.04143906 3.06818604 3.0633831  3.05353451 3.05137777
 3.0079813  3.01758814 3.0374136  3.05024195 3.04623365 3.03687072
 3.0530355  3.04549026 3.05716801 3.04229188]","[1. 1. 1. 1. 1. 1. 1. 1. 1. 1. 1. 1. 1. 1. 1. 1. 1. 1. 1. 1. 1. 1. 0. 0.
 0. 0. 0. 0. 0. 0. 0. 0. 0. 0. 0. 0. 0. 0. 0. 0. 0. 0. 0. 0.]"
NestedUNet,False,,,True,0.5,"[2.76647282 2.75867152 2.7544589  2.77550912 2.7487638  2.76051474
 2.75868654 2.75087261 2.77295756 2.75715899 2.75893068 2.75555539
 2.75623131 2.74455142 2.74816227 2.76515198 2.73766828 2.77216482
 2.75572634 2.77506065 2.74801373 2.69120502]","[2.76911187 2.7513814  2.72729015 2.74340248 2.76311493 2.74470282
 2.7613771  2.75223732 2.76590538 2.74164891 2.7540369  2.73583698
 2.76300287 2.7612617  2.74777174 2.74456096 2.73848772 2.75020242
 2.75382066 2.76501012 2.75650597 2.73435593]","[1. 1. 1. 1. 1. 1. 1. 1. 1. 1. 1. 1. 1. 1. 1. 1. 1. 1. 1. 1. 1. 1. 0. 0.
 0. 0. 0. 0. 0. 0. 0. 0. 0. 0. 0. 0. 0. 0. 0. 0. 0. 0. 0. 0.]"
NestedUNet,True,close,3,True,8.0,"[1.49470878 1.47555208 1.51402414 1.44598794 1.45675874 1.56088877
 1.44136643 1.46145821 1.43081248 1.5236367  1.5201726  1.43945003
 1.46127009 1.4959892  1.51109028 1.51506937 1.5232892  1.4762131
 1.55874419 1.46156883 1.70886004 1.46065497]","[1.44375885 1.44579077 1.44969416 1.45422053 1.45100737 1.46745205
 1.44734907 1.41290247 1.44430113 1.4492712  1.4461596  1.46340871
 1.55627429 1.43887305 1.46009195 1.57093453 1.46213913 1.5035193
 1.45746851 1.47612464 1.44492853 1.4506824 ]","[1. 1. 1. 1. 1. 1. 1. 1. 1. 1. 1. 1. 1. 1. 1. 1. 1. 1. 1. 1. 1. 1. 0. 0.
 0. 0. 0. 0. 0. 0. 0. 0. 0. 0. 0. 0. 0. 0. 0. 0. 0. 0. 0. 0.]"
NestedUNet,True,close,3,True,8.0,"[1.64704132 1.49184656 1.44462633 1.51554322 1.41639066 1.60225809
 1.45225573 1.49264073 1.43022394 1.50879896 1.46259904 1.46860337
 1.43941903 1.62878001 1.51070952 1.43304563 1.5453074  1.42810297
 1.48995876 1.53359079 1.44666719 1.44021511]","[1.40771675 1.44041812 1.44817662 1.44789708 1.40205264 1.4468987
 1.39329553 1.37708592 1.40382862 1.44210744 1.42509639 1.49284077
 1.44073808 1.46594083 1.46961474 1.43925214 1.42948198 1.43573308
 1.42530775 1.38790751 1.44708383 1.41044092]","[1. 1. 1. 1. 1. 1. 1. 1. 1. 1. 1. 1. 1. 1. 1. 1. 1. 1. 1. 1. 1. 1. 0. 0.
 0. 0. 0. 0. 0. 0. 0. 0. 0. 0. 0. 0. 0. 0. 0. 0. 0. 0. 0. 0.]"
NestedUNet,False,,,True,8.0,"[1.45746088 1.47992468 1.6359477  1.46762443 1.54767859 1.48554111
 1.44479573 1.44357073 1.48812079 1.46357965 1.51412749 1.51257777
 1.66818833 1.58223319 1.57554638 1.55343807 1.44206333 1.62787044
 1.52291965 1.48794127 1.57744884 1.46268272]","[1.44901752 1.46205044 1.4783392  1.48069048 1.45057774 1.48920178
 1.43918657 1.42440891 1.43731141 1.48364377 1.46491528 1.48816848
 1.45928431 1.56251132 1.61156166 1.43510604 1.51085353 1.45080483
 1.45153594 1.52232528 1.56037486 1.47013426]","[1. 1. 1. 1. 1. 1. 1. 1. 1. 1. 1. 1. 1. 1. 1. 1. 1. 1. 1. 1. 1. 1. 0. 0.
 0. 0. 0. 0. 0. 0. 0. 0. 0. 0. 0. 0. 0. 0. 0. 0. 0. 0. 0. 0.]"
NestedUNet,False,,,True,8.0,"[1.6791656  1.69083941 1.46389174 1.45218277 1.51798594 1.48846555
 1.47639346 1.47334361 1.56451571 1.56956029 1.52055645 1.57497942
 1.57519948 1.62172937 1.45615816 1.52725244 1.45745778 1.48268855
 1.48579276 1.50385165 1.51516557 1.52275348]","[1.44340467 1.47393465 1.47710347 1.47635317 1.44690979 1.47650719
 1.44459939 1.42246175 1.44181454 1.46746278 1.45669389 1.46872711
 1.43855691 1.49218404 1.64210081 1.50292552 1.57903862 1.46009231
 1.48940444 1.47249198 1.48692012 1.56677151]","[1. 1. 1. 1. 1. 1. 1. 1. 1. 1. 1. 1. 1. 1. 1. 1. 1. 1. 1. 1. 1. 1. 0. 0.
 0. 0. 0. 0. 0. 0. 0. 0. 0. 0. 0. 0. 0. 0. 0. 0. 0. 0. 0. 0.]"
